"question","answer","category"
"ストレスがたまった","少し気分転換して休憩しましょう","その他試験"
"腹減った","そろそろ昼ご飯食べるタイミングかもです。","その他試験"
"ディスプレイが付かない。ツ","交換かもしれません。コウカン","PC周辺機器シュウヘンキキ"
"この場所暑い","クーラーの温度を下げてください","その他試験"
"おなかが痛い","病院に行ってね","その他試験"
"市販ツールのトライアル版を試したいのですが、申請書の書式はどれですか？","書式１－２でお願いします。","システム依頼書"
"PCが重い・固まる・起動しない","しばらくお待ちください。待っても状況が変わらない場合は再起動してください。","PC管理カンリ"
"ADアカウントの初期パスワードでログインできません","本人確認後に初期パスワードの再発行を行います。初回ログインURLが正しいかも確認してください。","アカウント管理"
"ADアカウントがロックされました","連続誤入力によるロックの可能性があります。情シスで解除し、必要に応じてパスワードを再設定します。","アカウント管理"
"ADアカウントのパスワード変更画面が表示されません","SSO経由ではなく指定のパスワード変更ページから操作してください。ブラウザ再起動後も改善しない場合はご連絡ください。","アカウント管理"
"ADアカウントの表示名を変更したいです","人事マスタ反映後に変更可能です。正式な氏名変更依頼が完了しているか確認してください。","アカウント管理"
"ADアカウントの部署情報が古いままです","人事システムとの同期タイミングにより反映が遅れる場合があります。翌営業日以降も変わらなければ情シスで確認します。","アカウント管理"
"ADアカウントにサインインすると多要素認証の登録を求められます","初回利用時はMFA登録が必要です。案内手順に沿って認証アプリまたはSMSを登録してください。","アカウント管理"
"ADアカウントのパスワード有効期限が切れました","期限切れの場合はセルフサービスまたは情シス依頼で再設定してください。旧パスワードの再利用制限に注意してください。","アカウント管理"
"ADアカウントに不要な権限が付与されています","権限棚卸のため対象権限名と利用理由をお知らせください。上長承認後に削除対応します。","アカウント管理"
"ADアカウントのグループメンバーに追加されていません","申請承認状況を確認し、未反映であればグループ同期または手動追加を行います。","アカウント管理"
"ADアカウントを削除してほしいです","対象アカウントの用途と退職・異動情報を確認後、関連データ保全を行ってから削除します。","アカウント管理"
"Microsoft 365アカウントの初期パスワードでログインできません","本人確認後に初期パスワードの再発行を行います。初回ログインURLが正しいかも確認してください。","アカウント管理"
"Microsoft 365アカウントがロックされました","連続誤入力によるロックの可能性があります。情シスで解除し、必要に応じてパスワードを再設定します。","アカウント管理"
"Microsoft 365アカウントのパスワード変更画面が表示されません","SSO経由ではなく指定のパスワード変更ページから操作してください。ブラウザ再起動後も改善しない場合はご連絡ください。","アカウント管理"
"Microsoft 365アカウントの表示名を変更したいです","人事マスタ反映後に変更可能です。正式な氏名変更依頼が完了しているか確認してください。","アカウント管理"
"Microsoft 365アカウントの部署情報が古いままです","人事システムとの同期タイミングにより反映が遅れる場合があります。翌営業日以降も変わらなければ情シスで確認します。","アカウント管理"
"Microsoft 365アカウントにサインインすると多要素認証の登録を求められます","初回利用時はMFA登録が必要です。案内手順に沿って認証アプリまたはSMSを登録してください。","アカウント管理"
"Microsoft 365アカウントのパスワード有効期限が切れました","期限切れの場合はセルフサービスまたは情シス依頼で再設定してください。旧パスワードの再利用制限に注意してください。","アカウント管理"
"Microsoft 365アカウントに不要な権限が付与されています","権限棚卸のため対象権限名と利用理由をお知らせください。上長承認後に削除対応します。","アカウント管理"
"Microsoft 365アカウントのグループメンバーに追加されていません","申請承認状況を確認し、未反映であればグループ同期または手動追加を行います。","アカウント管理"
"Microsoft 365アカウントを削除してほしいです","対象アカウントの用途と退職・異動情報を確認後、関連データ保全を行ってから削除します。","アカウント管理"
"Google Workspaceアカウントの初期パスワードでログインできません","本人確認後に初期パスワードの再発行を行います。初回ログインURLが正しいかも確認してください。","アカウント管理"
"Google Workspaceアカウントがロックされました","連続誤入力によるロックの可能性があります。情シスで解除し、必要に応じてパスワードを再設定します。","アカウント管理"
"Google Workspaceアカウントのパスワード変更画面が表示されません","SSO経由ではなく指定のパスワード変更ページから操作してください。ブラウザ再起動後も改善しない場合はご連絡ください。","アカウント管理"
"Google Workspaceアカウントの表示名を変更したいです","人事マスタ反映後に変更可能です。正式な氏名変更依頼が完了しているか確認してください。","アカウント管理"
"Google Workspaceアカウントの部署情報が古いままです","人事システムとの同期タイミングにより反映が遅れる場合があります。翌営業日以降も変わらなければ情シスで確認します。","アカウント管理"
"Google Workspaceアカウントにサインインすると多要素認証の登録を求められます","初回利用時はMFA登録が必要です。案内手順に沿って認証アプリまたはSMSを登録してください。","アカウント管理"
"Google Workspaceアカウントのパスワード有効期限が切れました","期限切れの場合はセルフサービスまたは情シス依頼で再設定してください。旧パスワードの再利用制限に注意してください。","アカウント管理"
"Google Workspaceアカウントに不要な権限が付与されています","権限棚卸のため対象権限名と利用理由をお知らせください。上長承認後に削除対応します。","アカウント管理"
"Google Workspaceアカウントのグループメンバーに追加されていません","申請承認状況を確認し、未反映であればグループ同期または手動追加を行います。","アカウント管理"
"Google Workspaceアカウントを削除してほしいです","対象アカウントの用途と退職・異動情報を確認後、関連データ保全を行ってから削除します。","アカウント管理"
"基幹システムIDの初期パスワードでログインできません","本人確認後に初期パスワードの再発行を行います。初回ログインURLが正しいかも確認してください。","アカウント管理"
"基幹システムIDがロックされました","連続誤入力によるロックの可能性があります。情シスで解除し、必要に応じてパスワードを再設定します。","アカウント管理"
"基幹システムIDのパスワード変更画面が表示されません","SSO経由ではなく指定のパスワード変更ページから操作してください。ブラウザ再起動後も改善しない場合はご連絡ください。","アカウント管理"
"基幹システムIDの表示名を変更したいです","人事マスタ反映後に変更可能です。正式な氏名変更依頼が完了しているか確認してください。","アカウント管理"
"基幹システムIDの部署情報が古いままです","人事システムとの同期タイミングにより反映が遅れる場合があります。翌営業日以降も変わらなければ情シスで確認します。","アカウント管理"
"基幹システムIDにサインインすると多要素認証の登録を求められます","初回利用時はMFA登録が必要です。案内手順に沿って認証アプリまたはSMSを登録してください。","アカウント管理"
"基幹システムIDのパスワード有効期限が切れました","期限切れの場合はセルフサービスまたは情シス依頼で再設定してください。旧パスワードの再利用制限に注意してください。","アカウント管理"
"基幹システムIDに不要な権限が付与されています","権限棚卸のため対象権限名と利用理由をお知らせください。上長承認後に削除対応します。","アカウント管理"
"基幹システムIDのグループメンバーに追加されていません","申請承認状況を確認し、未反映であればグループ同期または手動追加を行います。","アカウント管理"
"基幹システムIDを削除してほしいです","対象アカウントの用途と退職・異動情報を確認後、関連データ保全を行ってから削除します。","アカウント管理"
"社内ポータルIDの初期パスワードでログインできません","本人確認後に初期パスワードの再発行を行います。初回ログインURLが正しいかも確認してください。","アカウント管理"
"社内ポータルIDがロックされました","連続誤入力によるロックの可能性があります。情シスで解除し、必要に応じてパスワードを再設定します。","アカウント管理"
"社内ポータルIDのパスワード変更画面が表示されません","SSO経由ではなく指定のパスワード変更ページから操作してください。ブラウザ再起動後も改善しない場合はご連絡ください。","アカウント管理"
"社内ポータルIDの表示名を変更したいです","人事マスタ反映後に変更可能です。正式な氏名変更依頼が完了しているか確認してください。","アカウント管理"
"社内ポータルIDの部署情報が古いままです","人事システムとの同期タイミングにより反映が遅れる場合があります。翌営業日以降も変わらなければ情シスで確認します。","アカウント管理"
"社内ポータルIDにサインインすると多要素認証の登録を求められます","初回利用時はMFA登録が必要です。案内手順に沿って認証アプリまたはSMSを登録してください。","アカウント管理"
"社内ポータルIDのパスワード有効期限が切れました","期限切れの場合はセルフサービスまたは情シス依頼で再設定してください。旧パスワードの再利用制限に注意してください。","アカウント管理"
"社内ポータルIDに不要な権限が付与されています","権限棚卸のため対象権限名と利用理由をお知らせください。上長承認後に削除対応します。","アカウント管理"
"社内ポータルIDのグループメンバーに追加されていません","申請承認状況を確認し、未反映であればグループ同期または手動追加を行います。","アカウント管理"
"社内ポータルIDを削除してほしいです","対象アカウントの用途と退職・異動情報を確認後、関連データ保全を行ってから削除します。","アカウント管理"
"Windows 11ノートPCの電源が入りません","ACアダプタ接続、電源ランプ、ドッキングステーション有無を確認してください。改善しない場合は交換または修理を手配します。","PC本体"
"Windows 11ノートPCの起動に時間がかかります","スタートアップアプリや更新処理が原因の可能性があります。タスクマネージャー確認後、不要常駐を停止してください。","PC本体"
"Windows 11ノートPCが頻繁にフリーズします","イベントログとハードウェア診断を実施します。発生時刻と実行中アプリを共有してください。","PC本体"
"Windows 11ノートPCでブルースクリーンが発生しました","停止コードの写真を保存し、再起動後に情シスへ連絡してください。ドライバーまたはメモリ障害を確認します。","PC本体"
"Windows 11ノートPCのディスク容量が不足しています","ダウンロード、デスクトップ、大容量一時ファイルを整理してください。必要に応じて容量拡張を検討します。","PC本体"
"Windows 11ノートPCのファン音が大きいです","通気口清掃と高負荷アプリの確認を行ってください。継続する場合は内部清掃または部品交換を行います。","PC本体"
"Windows 11ノートPCが再起動を繰り返します","Windows更新失敗またはハード障害の可能性があります。セーフモード起動可否を確認してください。","PC本体"
"Windows 11ノートPCが勝手にスリープします","電源設定とバッテリー節約設定を確認してください。ドッキング時のポリシーもあわせて確認します。","PC本体"
"Windows 11ノートPCでBitLocker回復キーを求められます","端末所有者確認後に回復キーを案内します。画面に表示されているキーIDをお知らせください。","PC本体"
"Windows 11ノートPCを初期化したいです","業務データのバックアップ有無を確認後、標準イメージで再セットアップします。","PC本体"
"デスクトップPCの電源が入りません","ACアダプタ接続、電源ランプ、ドッキングステーション有無を確認してください。改善しない場合は交換または修理を手配します。","PC本体"
"デスクトップPCの起動に時間がかかります","スタートアップアプリや更新処理が原因の可能性があります。タスクマネージャー確認後、不要常駐を停止してください。","PC本体"
"デスクトップPCが頻繁にフリーズします","イベントログとハードウェア診断を実施します。発生時刻と実行中アプリを共有してください。","PC本体"
"デスクトップPCでブルースクリーンが発生しました","停止コードの写真を保存し、再起動後に情シスへ連絡してください。ドライバーまたはメモリ障害を確認します。","PC本体"
"デスクトップPCのディスク容量が不足しています","ダウンロード、デスクトップ、大容量一時ファイルを整理してください。必要に応じて容量拡張を検討します。","PC本体"
"デスクトップPCのファン音が大きいです","通気口清掃と高負荷アプリの確認を行ってください。継続する場合は内部清掃または部品交換を行います。","PC本体"
"デスクトップPCが再起動を繰り返します","Windows更新失敗またはハード障害の可能性があります。セーフモード起動可否を確認してください。","PC本体"
"デスクトップPCが勝手にスリープします","電源設定とバッテリー節約設定を確認してください。ドッキング時のポリシーもあわせて確認します。","PC本体"
"デスクトップPCでBitLocker回復キーを求められます","端末所有者確認後に回復キーを案内します。画面に表示されているキーIDをお知らせください。","PC本体"
"デスクトップPCを初期化したいです","業務データのバックアップ有無を確認後、標準イメージで再セットアップします。","PC本体"
"貸与ノートPCの電源が入りません","ACアダプタ接続、電源ランプ、ドッキングステーション有無を確認してください。改善しない場合は交換または修理を手配します。","PC本体"
"貸与ノートPCの起動に時間がかかります","スタートアップアプリや更新処理が原因の可能性があります。タスクマネージャー確認後、不要常駐を停止してください。","PC本体"
"貸与ノートPCが頻繁にフリーズします","イベントログとハードウェア診断を実施します。発生時刻と実行中アプリを共有してください。","PC本体"
"貸与ノートPCでブルースクリーンが発生しました","停止コードの写真を保存し、再起動後に情シスへ連絡してください。ドライバーまたはメモリ障害を確認します。","PC本体"
"貸与ノートPCのディスク容量が不足しています","ダウンロード、デスクトップ、大容量一時ファイルを整理してください。必要に応じて容量拡張を検討します。","PC本体"
"貸与ノートPCのファン音が大きいです","通気口清掃と高負荷アプリの確認を行ってください。継続する場合は内部清掃または部品交換を行います。","PC本体"
"貸与ノートPCが再起動を繰り返します","Windows更新失敗またはハード障害の可能性があります。セーフモード起動可否を確認してください。","PC本体"
"貸与ノートPCが勝手にスリープします","電源設定とバッテリー節約設定を確認してください。ドッキング時のポリシーもあわせて確認します。","PC本体"
"貸与ノートPCでBitLocker回復キーを求められます","端末所有者確認後に回復キーを案内します。画面に表示されているキーIDをお知らせください。","PC本体"
"貸与ノートPCを初期化したいです","業務データのバックアップ有無を確認後、標準イメージで再セットアップします。","PC本体"
"開発用PCの電源が入りません","ACアダプタ接続、電源ランプ、ドッキングステーション有無を確認してください。改善しない場合は交換または修理を手配します。","PC本体"
"開発用PCの起動に時間がかかります","スタートアップアプリや更新処理が原因の可能性があります。タスクマネージャー確認後、不要常駐を停止してください。","PC本体"
"開発用PCが頻繁にフリーズします","イベントログとハードウェア診断を実施します。発生時刻と実行中アプリを共有してください。","PC本体"
"開発用PCでブルースクリーンが発生しました","停止コードの写真を保存し、再起動後に情シスへ連絡してください。ドライバーまたはメモリ障害を確認します。","PC本体"
"開発用PCのディスク容量が不足しています","ダウンロード、デスクトップ、大容量一時ファイルを整理してください。必要に応じて容量拡張を検討します。","PC本体"
"開発用PCのファン音が大きいです","通気口清掃と高負荷アプリの確認を行ってください。継続する場合は内部清掃または部品交換を行います。","PC本体"
"開発用PCが再起動を繰り返します","Windows更新失敗またはハード障害の可能性があります。セーフモード起動可否を確認してください。","PC本体"
"開発用PCが勝手にスリープします","電源設定とバッテリー節約設定を確認してください。ドッキング時のポリシーもあわせて確認します。","PC本体"
"開発用PCでBitLocker回復キーを求められます","端末所有者確認後に回復キーを案内します。画面に表示されているキーIDをお知らせください。","PC本体"
"開発用PCを初期化したいです","業務データのバックアップ有無を確認後、標準イメージで再セットアップします。","PC本体"
"営業用PCの電源が入りません","ACアダプタ接続、電源ランプ、ドッキングステーション有無を確認してください。改善しない場合は交換または修理を手配します。","PC本体"
"営業用PCの起動に時間がかかります","スタートアップアプリや更新処理が原因の可能性があります。タスクマネージャー確認後、不要常駐を停止してください。","PC本体"
"営業用PCが頻繁にフリーズします","イベントログとハードウェア診断を実施します。発生時刻と実行中アプリを共有してください。","PC本体"
"営業用PCでブルースクリーンが発生しました","停止コードの写真を保存し、再起動後に情シスへ連絡してください。ドライバーまたはメモリ障害を確認します。","PC本体"
"営業用PCのディスク容量が不足しています","ダウンロード、デスクトップ、大容量一時ファイルを整理してください。必要に応じて容量拡張を検討します。","PC本体"
"営業用PCのファン音が大きいです","通気口清掃と高負荷アプリの確認を行ってください。継続する場合は内部清掃または部品交換を行います。","PC本体"
"営業用PCが再起動を繰り返します","Windows更新失敗またはハード障害の可能性があります。セーフモード起動可否を確認してください。","PC本体"
"営業用PCが勝手にスリープします","電源設定とバッテリー節約設定を確認してください。ドッキング時のポリシーもあわせて確認します。","PC本体"
"営業用PCでBitLocker回復キーを求められます","端末所有者確認後に回復キーを案内します。画面に表示されているキーIDをお知らせください。","PC本体"
"営業用PCを初期化したいです","業務データのバックアップ有無を確認後、標準イメージで再セットアップします。","PC本体"
"外部モニターが認識されません","接続ポート変更、再接続、別端末での切り分けを行ってください。","周辺機器"
"外部モニターの接続が不安定です","ケーブル断線やドライバー不整合の可能性があります。予備機で確認します。","周辺機器"
"外部モニターの音量調整ができません","OS側の既定デバイス設定を確認し、対象機器が選択されているか確認してください。","周辺機器"
"外部モニターのドライバーを入れたいです","管理者権限が必要な場合があります。機器型番を添えて申請してください。","周辺機器"
"外部モニターが会議アプリで使えません","Teams/Zoom側のデバイス設定で該当機器が選択されているか確認してください。","周辺機器"
"外部モニターの映像が映りません","プライバシーシャッター、USB帯域、アプリ権限を確認してください。","周辺機器"
"外部モニターのボタン割り当てを変更したいです","専用ユーティリティの導入可否を確認します。標準ドライバーでは変更できない場合があります。","周辺機器"
"外部モニターの解像度が合いません","ディスプレイ設定の推奨解像度を選択してください。変換アダプタ使用時は対応解像度も確認します。","周辺機器"
"外部モニターが充電されません","充電式機器はケーブル・電源供給元を確認してください。電池式の場合は新品に交換してください。","周辺機器"
"外部モニターを交換したいです","故障状況と在庫を確認し、保証期間内であれば交換手配します。","周辺機器"
"USBキーボードが認識されません","接続ポート変更、再接続、別端末での切り分けを行ってください。","周辺機器"
"USBキーボードの接続が不安定です","ケーブル断線やドライバー不整合の可能性があります。予備機で確認します。","周辺機器"
"USBキーボードの音量調整ができません","OS側の既定デバイス設定を確認し、対象機器が選択されているか確認してください。","周辺機器"
"USBキーボードのドライバーを入れたいです","管理者権限が必要な場合があります。機器型番を添えて申請してください。","周辺機器"
"USBキーボードが会議アプリで使えません","Teams/Zoom側のデバイス設定で該当機器が選択されているか確認してください。","周辺機器"
"USBキーボードの映像が映りません","プライバシーシャッター、USB帯域、アプリ権限を確認してください。","周辺機器"
"USBキーボードのボタン割り当てを変更したいです","専用ユーティリティの導入可否を確認します。標準ドライバーでは変更できない場合があります。","周辺機器"
"USBキーボードの解像度が合いません","ディスプレイ設定の推奨解像度を選択してください。変換アダプタ使用時は対応解像度も確認します。","周辺機器"
"USBキーボードが充電されません","充電式機器はケーブル・電源供給元を確認してください。電池式の場合は新品に交換してください。","周辺機器"
"USBキーボードを交換したいです","故障状況と在庫を確認し、保証期間内であれば交換手配します。","周辺機器"
"Bluetoothマウスが認識されません","接続ポート変更、再接続、別端末での切り分けを行ってください。","周辺機器"
"Bluetoothマウスの接続が不安定です","ケーブル断線やドライバー不整合の可能性があります。予備機で確認します。","周辺機器"
"Bluetoothマウスの音量調整ができません","OS側の既定デバイス設定を確認し、対象機器が選択されているか確認してください。","周辺機器"
"Bluetoothマウスのドライバーを入れたいです","管理者権限が必要な場合があります。機器型番を添えて申請してください。","周辺機器"
"Bluetoothマウスが会議アプリで使えません","Teams/Zoom側のデバイス設定で該当機器が選択されているか確認してください。","周辺機器"
"Bluetoothマウスの映像が映りません","プライバシーシャッター、USB帯域、アプリ権限を確認してください。","周辺機器"
"Bluetoothマウスのボタン割り当てを変更したいです","専用ユーティリティの導入可否を確認します。標準ドライバーでは変更できない場合があります。","周辺機器"
"Bluetoothマウスの解像度が合いません","ディスプレイ設定の推奨解像度を選択してください。変換アダプタ使用時は対応解像度も確認します。","周辺機器"
"Bluetoothマウスが充電されません","充電式機器はケーブル・電源供給元を確認してください。電池式の場合は新品に交換してください。","周辺機器"
"Bluetoothマウスを交換したいです","故障状況と在庫を確認し、保証期間内であれば交換手配します。","周辺機器"
"Webカメラが認識されません","接続ポート変更、再接続、別端末での切り分けを行ってください。","周辺機器"
"Webカメラの接続が不安定です","ケーブル断線やドライバー不整合の可能性があります。予備機で確認します。","周辺機器"
"Webカメラの音量調整ができません","OS側の既定デバイス設定を確認し、対象機器が選択されているか確認してください。","周辺機器"
"Webカメラのドライバーを入れたいです","管理者権限が必要な場合があります。機器型番を添えて申請してください。","周辺機器"
"Webカメラが会議アプリで使えません","Teams/Zoom側のデバイス設定で該当機器が選択されているか確認してください。","周辺機器"
"Webカメラの映像が映りません","プライバシーシャッター、USB帯域、アプリ権限を確認してください。","周辺機器"
"Webカメラのボタン割り当てを変更したいです","専用ユーティリティの導入可否を確認します。標準ドライバーでは変更できない場合があります。","周辺機器"
"Webカメラの解像度が合いません","ディスプレイ設定の推奨解像度を選択してください。変換アダプタ使用時は対応解像度も確認します。","周辺機器"
"Webカメラが充電されません","充電式機器はケーブル・電源供給元を確認してください。電池式の場合は新品に交換してください。","周辺機器"
"Webカメラを交換したいです","故障状況と在庫を確認し、保証期間内であれば交換手配します。","周辺機器"
"USBヘッドセットが認識されません","接続ポート変更、再接続、別端末での切り分けを行ってください。","周辺機器"
"USBヘッドセットの接続が不安定です","ケーブル断線やドライバー不整合の可能性があります。予備機で確認します。","周辺機器"
"USBヘッドセットの音量調整ができません","OS側の既定デバイス設定を確認し、対象機器が選択されているか確認してください。","周辺機器"
"USBヘッドセットのドライバーを入れたいです","管理者権限が必要な場合があります。機器型番を添えて申請してください。","周辺機器"
"USBヘッドセットが会議アプリで使えません","Teams/Zoom側のデバイス設定で該当機器が選択されているか確認してください。","周辺機器"
"USBヘッドセットの映像が映りません","プライバシーシャッター、USB帯域、アプリ権限を確認してください。","周辺機器"
"USBヘッドセットのボタン割り当てを変更したいです","専用ユーティリティの導入可否を確認します。標準ドライバーでは変更できない場合があります。","周辺機器"
"USBヘッドセットの解像度が合いません","ディスプレイ設定の推奨解像度を選択してください。変換アダプタ使用時は対応解像度も確認します。","周辺機器"
"USBヘッドセットが充電されません","充電式機器はケーブル・電源供給元を確認してください。電池式の場合は新品に交換してください。","周辺機器"
"USBヘッドセットを交換したいです","故障状況と在庫を確認し、保証期間内であれば交換手配します。","周辺機器"
"社内Wi-Fiに接続できません","SSID・証明書・認証情報を確認してください。社外からは利用できない構成の場合があります。","ネットワーク"
"社内Wi-Fiの速度が遅いです","利用場所、時間帯、接続台数の影響を確認します。速度測定結果があれば共有してください。","ネットワーク"
"社内Wi-Fiが頻繁に切断されます","NICドライバー、ケーブル、AP切替の影響が考えられます。発生場所と頻度をお知らせください。","ネットワーク"
"社内Wi-Fi利用中にIPアドレス取得に失敗します","DHCP払い出し状況を確認します。いったん再接続し、改善しなければネットワーク設定を初期化してください。","ネットワーク"
"社内Wi-Fi経由で社内サイトが開けません","名前解決とルーティングを確認します。VPN接続後に再度ブラウザを開き直してください。","ネットワーク"
"社内Wi-Fiで認証エラーが表示されます","パスワード期限切れ、証明書失効、MFA失敗の可能性があります。エラー画面を共有してください。","ネットワーク"
"社内Wi-FiのDNS名前解決ができません","DNSサーバー設定を再取得し、nslookup結果を確認します。","ネットワーク"
"社内Wi-Fiの利用申請をしたいです","利用目的、接続元、期間を記載して申請してください。承認後に接続情報を案内します。","ネットワーク"
"社内Wi-Fiの利用制限を確認したいです","ネットワークセグメントごとに利用可能な宛先が異なります。必要な接続先をお知らせください。","ネットワーク"
"社内Wi-Fiの障害が発生しているか確認したいです","監視システムと障害連絡を確認します。拠点名と発生時刻を共有してください。","ネットワーク"
"ゲストWi-Fiに接続できません","SSID・証明書・認証情報を確認してください。社外からは利用できない構成の場合があります。","ネットワーク"
"ゲストWi-Fiの速度が遅いです","利用場所、時間帯、接続台数の影響を確認します。速度測定結果があれば共有してください。","ネットワーク"
"ゲストWi-Fiが頻繁に切断されます","NICドライバー、ケーブル、AP切替の影響が考えられます。発生場所と頻度をお知らせください。","ネットワーク"
"ゲストWi-Fi利用中にIPアドレス取得に失敗します","DHCP払い出し状況を確認します。いったん再接続し、改善しなければネットワーク設定を初期化してください。","ネットワーク"
"ゲストWi-Fi経由で社内サイトが開けません","名前解決とルーティングを確認します。VPN接続後に再度ブラウザを開き直してください。","ネットワーク"
"ゲストWi-Fiで認証エラーが表示されます","パスワード期限切れ、証明書失効、MFA失敗の可能性があります。エラー画面を共有してください。","ネットワーク"
"ゲストWi-FiのDNS名前解決ができません","DNSサーバー設定を再取得し、nslookup結果を確認します。","ネットワーク"
"ゲストWi-Fiの利用申請をしたいです","利用目的、接続元、期間を記載して申請してください。承認後に接続情報を案内します。","ネットワーク"
"ゲストWi-Fiの利用制限を確認したいです","ネットワークセグメントごとに利用可能な宛先が異なります。必要な接続先をお知らせください。","ネットワーク"
"ゲストWi-Fiの障害が発生しているか確認したいです","監視システムと障害連絡を確認します。拠点名と発生時刻を共有してください。","ネットワーク"
"有線LANに接続できません","SSID・証明書・認証情報を確認してください。社外からは利用できない構成の場合があります。","ネットワーク"
"有線LANの速度が遅いです","利用場所、時間帯、接続台数の影響を確認します。速度測定結果があれば共有してください。","ネットワーク"
"有線LANが頻繁に切断されます","NICドライバー、ケーブル、AP切替の影響が考えられます。発生場所と頻度をお知らせください。","ネットワーク"
"有線LAN利用中にIPアドレス取得に失敗します","DHCP払い出し状況を確認します。いったん再接続し、改善しなければネットワーク設定を初期化してください。","ネットワーク"
"有線LAN経由で社内サイトが開けません","名前解決とルーティングを確認します。VPN接続後に再度ブラウザを開き直してください。","ネットワーク"
"有線LANで認証エラーが表示されます","パスワード期限切れ、証明書失効、MFA失敗の可能性があります。エラー画面を共有してください。","ネットワーク"
"有線LANのDNS名前解決ができません","DNSサーバー設定を再取得し、nslookup結果を確認します。","ネットワーク"
"有線LANの利用申請をしたいです","利用目的、接続元、期間を記載して申請してください。承認後に接続情報を案内します。","ネットワーク"
"有線LANの利用制限を確認したいです","ネットワークセグメントごとに利用可能な宛先が異なります。必要な接続先をお知らせください。","ネットワーク"
"有線LANの障害が発生しているか確認したいです","監視システムと障害連絡を確認します。拠点名と発生時刻を共有してください。","ネットワーク"
"VPNに接続できません","SSID・証明書・認証情報を確認してください。社外からは利用できない構成の場合があります。","ネットワーク"
"VPNの速度が遅いです","利用場所、時間帯、接続台数の影響を確認します。速度測定結果があれば共有してください。","ネットワーク"
"VPNが頻繁に切断されます","NICドライバー、ケーブル、AP切替の影響が考えられます。発生場所と頻度をお知らせください。","ネットワーク"
"VPN利用中にIPアドレス取得に失敗します","DHCP払い出し状況を確認します。いったん再接続し、改善しなければネットワーク設定を初期化してください。","ネットワーク"
"VPN経由で社内サイトが開けません","名前解決とルーティングを確認します。VPN接続後に再度ブラウザを開き直してください。","ネットワーク"
"VPNで認証エラーが表示されます","パスワード期限切れ、証明書失効、MFA失敗の可能性があります。エラー画面を共有してください。","ネットワーク"
"VPNのDNS名前解決ができません","DNSサーバー設定を再取得し、nslookup結果を確認します。","ネットワーク"
"VPNの利用申請をしたいです","利用目的、接続元、期間を記載して申請してください。承認後に接続情報を案内します。","ネットワーク"
"VPNの利用制限を確認したいです","ネットワークセグメントごとに利用可能な宛先が異なります。必要な接続先をお知らせください。","ネットワーク"
"VPNの障害が発生しているか確認したいです","監視システムと障害連絡を確認します。拠点名と発生時刻を共有してください。","ネットワーク"
"拠点間ネットワークに接続できません","SSID・証明書・認証情報を確認してください。社外からは利用できない構成の場合があります。","ネットワーク"
"拠点間ネットワークの速度が遅いです","利用場所、時間帯、接続台数の影響を確認します。速度測定結果があれば共有してください。","ネットワーク"
"拠点間ネットワークが頻繁に切断されます","NICドライバー、ケーブル、AP切替の影響が考えられます。発生場所と頻度をお知らせください。","ネットワーク"
"拠点間ネットワーク利用中にIPアドレス取得に失敗します","DHCP払い出し状況を確認します。いったん再接続し、改善しなければネットワーク設定を初期化してください。","ネットワーク"
"拠点間ネットワーク経由で社内サイトが開けません","名前解決とルーティングを確認します。VPN接続後に再度ブラウザを開き直してください。","ネットワーク"
"拠点間ネットワークで認証エラーが表示されます","パスワード期限切れ、証明書失効、MFA失敗の可能性があります。エラー画面を共有してください。","ネットワーク"
"拠点間ネットワークのDNS名前解決ができません","DNSサーバー設定を再取得し、nslookup結果を確認します。","ネットワーク"
"拠点間ネットワークの利用申請をしたいです","利用目的、接続元、期間を記載して申請してください。承認後に接続情報を案内します。","ネットワーク"
"拠点間ネットワークの利用制限を確認したいです","ネットワークセグメントごとに利用可能な宛先が異なります。必要な接続先をお知らせください。","ネットワーク"
"拠点間ネットワークの障害が発生しているか確認したいです","監視システムと障害連絡を確認します。拠点名と発生時刻を共有してください。","ネットワーク"
"Outlookでメールを送信できません","送信制限、添付サイズ、ネットワーク接続を確認してください。NDRがある場合は内容を共有してください。","メール"
"Outlookでメールを受信できません","サーバー接続、迷惑メール振り分け、メールボックス容量を確認してください。","メール"
"Outlookが起動しません","Office修復またはプロファイル再作成で改善する場合があります。","メール"
"Outlookで検索結果が表示されません","インデックス再構築またはキャッシュモード設定を確認してください。","メール"
"Outlookの容量が上限に近いです","不要メール削除またはアーカイブを行ってください。必要に応じて容量拡張可否を確認します。","メール"
"Outlookで添付ファイルを開けません","拡張子制限、ダウンロード失敗、関連付けアプリ不足の可能性があります。","メール"
"Outlookの差出人名を変更したいです","個人メールと共有メールでは設定方法が異なります。対象メールボックス名をお知らせください。","メール"
"Outlookに自動返信を設定したいです","OutlookまたはWeb版の自動応答設定から期間と文面を指定してください。","メール"
"Outlookから特定の宛先へ送れません","外部ドメイン制限やアドレス誤りの可能性があります。宛先とエラーメッセージを共有してください。","メール"
"Outlookで既読/未読の同期がずれます","キャッシュ再同期またはモバイル側設定の見直しを行ってください。","メール"
"Exchangeメールボックスでメールを送信できません","送信制限、添付サイズ、ネットワーク接続を確認してください。NDRがある場合は内容を共有してください。","メール"
"Exchangeメールボックスでメールを受信できません","サーバー接続、迷惑メール振り分け、メールボックス容量を確認してください。","メール"
"Exchangeメールボックスが起動しません","Office修復またはプロファイル再作成で改善する場合があります。","メール"
"Exchangeメールボックスで検索結果が表示されません","インデックス再構築またはキャッシュモード設定を確認してください。","メール"
"Exchangeメールボックスの容量が上限に近いです","不要メール削除またはアーカイブを行ってください。必要に応じて容量拡張可否を確認します。","メール"
"Exchangeメールボックスで添付ファイルを開けません","拡張子制限、ダウンロード失敗、関連付けアプリ不足の可能性があります。","メール"
"Exchangeメールボックスの差出人名を変更したいです","個人メールと共有メールでは設定方法が異なります。対象メールボックス名をお知らせください。","メール"
"Exchangeメールボックスに自動返信を設定したいです","OutlookまたはWeb版の自動応答設定から期間と文面を指定してください。","メール"
"Exchangeメールボックスから特定の宛先へ送れません","外部ドメイン制限やアドレス誤りの可能性があります。宛先とエラーメッセージを共有してください。","メール"
"Exchangeメールボックスで既読/未読の同期がずれます","キャッシュ再同期またはモバイル側設定の見直しを行ってください。","メール"
"共有メールボックスでメールを送信できません","送信制限、添付サイズ、ネットワーク接続を確認してください。NDRがある場合は内容を共有してください。","メール"
"共有メールボックスでメールを受信できません","サーバー接続、迷惑メール振り分け、メールボックス容量を確認してください。","メール"
"共有メールボックスが起動しません","Office修復またはプロファイル再作成で改善する場合があります。","メール"
"共有メールボックスで検索結果が表示されません","インデックス再構築またはキャッシュモード設定を確認してください。","メール"
"共有メールボックスの容量が上限に近いです","不要メール削除またはアーカイブを行ってください。必要に応じて容量拡張可否を確認します。","メール"
"共有メールボックスで添付ファイルを開けません","拡張子制限、ダウンロード失敗、関連付けアプリ不足の可能性があります。","メール"
"共有メールボックスの差出人名を変更したいです","個人メールと共有メールでは設定方法が異なります。対象メールボックス名をお知らせください。","メール"
"共有メールボックスに自動返信を設定したいです","OutlookまたはWeb版の自動応答設定から期間と文面を指定してください。","メール"
"共有メールボックスから特定の宛先へ送れません","外部ドメイン制限やアドレス誤りの可能性があります。宛先とエラーメッセージを共有してください。","メール"
"共有メールボックスで既読/未読の同期がずれます","キャッシュ再同期またはモバイル側設定の見直しを行ってください。","メール"
"メーリングリストでメールを送信できません","送信制限、添付サイズ、ネットワーク接続を確認してください。NDRがある場合は内容を共有してください。","メール"
"メーリングリストでメールを受信できません","サーバー接続、迷惑メール振り分け、メールボックス容量を確認してください。","メール"
"メーリングリストが起動しません","Office修復またはプロファイル再作成で改善する場合があります。","メール"
"メーリングリストで検索結果が表示されません","インデックス再構築またはキャッシュモード設定を確認してください。","メール"
"メーリングリストの容量が上限に近いです","不要メール削除またはアーカイブを行ってください。必要に応じて容量拡張可否を確認します。","メール"
"メーリングリストで添付ファイルを開けません","拡張子制限、ダウンロード失敗、関連付けアプリ不足の可能性があります。","メール"
"メーリングリストの差出人名を変更したいです","個人メールと共有メールでは設定方法が異なります。対象メールボックス名をお知らせください。","メール"
"メーリングリストに自動返信を設定したいです","OutlookまたはWeb版の自動応答設定から期間と文面を指定してください。","メール"
"メーリングリストから特定の宛先へ送れません","外部ドメイン制限やアドレス誤りの可能性があります。宛先とエラーメッセージを共有してください。","メール"
"メーリングリストで既読/未読の同期がずれます","キャッシュ再同期またはモバイル側設定の見直しを行ってください。","メール"
"スマホのメールアプリでメールを送信できません","送信制限、添付サイズ、ネットワーク接続を確認してください。NDRがある場合は内容を共有してください。","メール"
"スマホのメールアプリでメールを受信できません","サーバー接続、迷惑メール振り分け、メールボックス容量を確認してください。","メール"
"スマホのメールアプリが起動しません","Office修復またはプロファイル再作成で改善する場合があります。","メール"
"スマホのメールアプリで検索結果が表示されません","インデックス再構築またはキャッシュモード設定を確認してください。","メール"
"スマホのメールアプリの容量が上限に近いです","不要メール削除またはアーカイブを行ってください。必要に応じて容量拡張可否を確認します。","メール"
"スマホのメールアプリで添付ファイルを開けません","拡張子制限、ダウンロード失敗、関連付けアプリ不足の可能性があります。","メール"
"スマホのメールアプリの差出人名を変更したいです","個人メールと共有メールでは設定方法が異なります。対象メールボックス名をお知らせください。","メール"
"スマホのメールアプリに自動返信を設定したいです","OutlookまたはWeb版の自動応答設定から期間と文面を指定してください。","メール"
"スマホのメールアプリから特定の宛先へ送れません","外部ドメイン制限やアドレス誤りの可能性があります。宛先とエラーメッセージを共有してください。","メール"
"スマホのメールアプリで既読/未読の同期がずれます","キャッシュ再同期またはモバイル側設定の見直しを行ってください。","メール"
"Excelがフリーズします","セーフモード起動、アドイン無効化、Office修復を順に試してください。","Officeアプリ"
"Excelが起動しません","ライセンス状態と更新状況を確認します。","Officeアプリ"
"Excelでファイルを保存できません","保存先権限、ファイル名、同期状態を確認してください。","Officeアプリ"
"Excelでマクロが実行できません","セキュリティ設定でマクロが無効化されている可能性があります。承認済みファイルか確認してください。","Officeアプリ"
"Excelで文字化けします","フォント不足または文字コード不整合の可能性があります。元データ形式を確認してください。","Officeアプリ"
"Excelの印刷レイアウトが崩れます","既定プリンタやページ設定の影響があります。PDF化して確認してください。","Officeアプリ"
"Excelで共同編集できません","OneDrive/SharePoint保存かどうか、排他状態かどうかを確認してください。","Officeアプリ"
"Excelでアドインが表示されません","アドインの配布状態と読み込み設定を確認します。","Officeアプリ"
"Excelのライセンス認証が外れました","サインイン状態を確認し、必要であれば再認証してください。","Officeアプリ"
"Excelで旧形式ファイルが開けません","互換機能の追加またはファイル修復を試してください。","Officeアプリ"
"Wordがフリーズします","セーフモード起動、アドイン無効化、Office修復を順に試してください。","Officeアプリ"
"Wordが起動しません","ライセンス状態と更新状況を確認します。","Officeアプリ"
"Wordでファイルを保存できません","保存先権限、ファイル名、同期状態を確認してください。","Officeアプリ"
"Wordでマクロが実行できません","セキュリティ設定でマクロが無効化されている可能性があります。承認済みファイルか確認してください。","Officeアプリ"
"Wordで文字化けします","フォント不足または文字コード不整合の可能性があります。元データ形式を確認してください。","Officeアプリ"
"Wordの印刷レイアウトが崩れます","既定プリンタやページ設定の影響があります。PDF化して確認してください。","Officeアプリ"
"Wordで共同編集できません","OneDrive/SharePoint保存かどうか、排他状態かどうかを確認してください。","Officeアプリ"
"Wordでアドインが表示されません","アドインの配布状態と読み込み設定を確認します。","Officeアプリ"
"Wordのライセンス認証が外れました","サインイン状態を確認し、必要であれば再認証してください。","Officeアプリ"
"Wordで旧形式ファイルが開けません","互換機能の追加またはファイル修復を試してください。","Officeアプリ"
"PowerPointがフリーズします","セーフモード起動、アドイン無効化、Office修復を順に試してください。","Officeアプリ"
"PowerPointが起動しません","ライセンス状態と更新状況を確認します。","Officeアプリ"
"PowerPointでファイルを保存できません","保存先権限、ファイル名、同期状態を確認してください。","Officeアプリ"
"PowerPointでマクロが実行できません","セキュリティ設定でマクロが無効化されている可能性があります。承認済みファイルか確認してください。","Officeアプリ"
"PowerPointで文字化けします","フォント不足または文字コード不整合の可能性があります。元データ形式を確認してください。","Officeアプリ"
"PowerPointの印刷レイアウトが崩れます","既定プリンタやページ設定の影響があります。PDF化して確認してください。","Officeアプリ"
"PowerPointで共同編集できません","OneDrive/SharePoint保存かどうか、排他状態かどうかを確認してください。","Officeアプリ"
"PowerPointでアドインが表示されません","アドインの配布状態と読み込み設定を確認します。","Officeアプリ"
"PowerPointのライセンス認証が外れました","サインイン状態を確認し、必要であれば再認証してください。","Officeアプリ"
"PowerPointで旧形式ファイルが開けません","互換機能の追加またはファイル修復を試してください。","Officeアプリ"
"Accessがフリーズします","セーフモード起動、アドイン無効化、Office修復を順に試してください。","Officeアプリ"
"Accessが起動しません","ライセンス状態と更新状況を確認します。","Officeアプリ"
"Accessでファイルを保存できません","保存先権限、ファイル名、同期状態を確認してください。","Officeアプリ"
"Accessでマクロが実行できません","セキュリティ設定でマクロが無効化されている可能性があります。承認済みファイルか確認してください。","Officeアプリ"
"Accessで文字化けします","フォント不足または文字コード不整合の可能性があります。元データ形式を確認してください。","Officeアプリ"
"Accessの印刷レイアウトが崩れます","既定プリンタやページ設定の影響があります。PDF化して確認してください。","Officeアプリ"
"Accessで共同編集できません","OneDrive/SharePoint保存かどうか、排他状態かどうかを確認してください。","Officeアプリ"
"Accessでアドインが表示されません","アドインの配布状態と読み込み設定を確認します。","Officeアプリ"
"Accessのライセンス認証が外れました","サインイン状態を確認し、必要であれば再認証してください。","Officeアプリ"
"Accessで旧形式ファイルが開けません","互換機能の追加またはファイル修復を試してください。","Officeアプリ"
"OneNoteがフリーズします","セーフモード起動、アドイン無効化、Office修復を順に試してください。","Officeアプリ"
"OneNoteが起動しません","ライセンス状態と更新状況を確認します。","Officeアプリ"
"OneNoteでファイルを保存できません","保存先権限、ファイル名、同期状態を確認してください。","Officeアプリ"
"OneNoteでマクロが実行できません","セキュリティ設定でマクロが無効化されている可能性があります。承認済みファイルか確認してください。","Officeアプリ"
"OneNoteで文字化けします","フォント不足または文字コード不整合の可能性があります。元データ形式を確認してください。","Officeアプリ"
"OneNoteの印刷レイアウトが崩れます","既定プリンタやページ設定の影響があります。PDF化して確認してください。","Officeアプリ"
"OneNoteで共同編集できません","OneDrive/SharePoint保存かどうか、排他状態かどうかを確認してください。","Officeアプリ"
"OneNoteでアドインが表示されません","アドインの配布状態と読み込み設定を確認します。","Officeアプリ"
"OneNoteのライセンス認証が外れました","サインイン状態を確認し、必要であれば再認証してください。","Officeアプリ"
"OneNoteで旧形式ファイルが開けません","互換機能の追加またはファイル修復を試してください。","Officeアプリ"
"Teamsにサインインできません","SSO連携またはライセンス付与を確認します。","コラボレーション"
"Teamsで会議を開始できません","主催者権限、ネットワーク、アプリ更新状態を確認してください。","コラボレーション"
"Teamsで画面共有できません","画面収録権限やGPU設定、発表者権限を確認してください。","コラボレーション"
"Teamsの通知が届きません","アプリ通知設定とOSの通知許可を確認してください。","コラボレーション"
"Teamsでマイクが使えません","会議アプリ側の入力デバイス設定とOSのマイク権限を確認してください。","コラボレーション"
"Teamsでカメラ映像が映りません","他アプリによるカメラ占有や権限設定を確認してください。","コラボレーション"
"Teamsの録画保存先がわかりません","製品ごとにクラウド保存先が異なります。会議URLまたは主催者情報を共有してください。","コラボレーション"
"Teamsの会議URLを発行できません","ライセンス不足または組織ポリシー制限の可能性があります。","コラボレーション"
"Teamsでゲスト参加を許可したいです","外部参加ポリシーの対象範囲を確認し、必要に応じて設定変更申請を行ってください。","コラボレーション"
"Teamsのメッセージ履歴が表示されません","保持ポリシーや同期不具合の可能性があります。対象チャネル名をお知らせください。","コラボレーション"
"Zoomにサインインできません","SSO連携またはライセンス付与を確認します。","コラボレーション"
"Zoomで会議を開始できません","主催者権限、ネットワーク、アプリ更新状態を確認してください。","コラボレーション"
"Zoomで画面共有できません","画面収録権限やGPU設定、発表者権限を確認してください。","コラボレーション"
"Zoomの通知が届きません","アプリ通知設定とOSの通知許可を確認してください。","コラボレーション"
"Zoomでマイクが使えません","会議アプリ側の入力デバイス設定とOSのマイク権限を確認してください。","コラボレーション"
"Zoomでカメラ映像が映りません","他アプリによるカメラ占有や権限設定を確認してください。","コラボレーション"
"Zoomの録画保存先がわかりません","製品ごとにクラウド保存先が異なります。会議URLまたは主催者情報を共有してください。","コラボレーション"
"Zoomの会議URLを発行できません","ライセンス不足または組織ポリシー制限の可能性があります。","コラボレーション"
"Zoomでゲスト参加を許可したいです","外部参加ポリシーの対象範囲を確認し、必要に応じて設定変更申請を行ってください。","コラボレーション"
"Zoomのメッセージ履歴が表示されません","保持ポリシーや同期不具合の可能性があります。対象チャネル名をお知らせください。","コラボレーション"
"Slackにサインインできません","SSO連携またはライセンス付与を確認します。","コラボレーション"
"Slackで会議を開始できません","主催者権限、ネットワーク、アプリ更新状態を確認してください。","コラボレーション"
"Slackで画面共有できません","画面収録権限やGPU設定、発表者権限を確認してください。","コラボレーション"
"Slackの通知が届きません","アプリ通知設定とOSの通知許可を確認してください。","コラボレーション"
"Slackでマイクが使えません","会議アプリ側の入力デバイス設定とOSのマイク権限を確認してください。","コラボレーション"
"Slackでカメラ映像が映りません","他アプリによるカメラ占有や権限設定を確認してください。","コラボレーション"
"Slackの録画保存先がわかりません","製品ごとにクラウド保存先が異なります。会議URLまたは主催者情報を共有してください。","コラボレーション"
"Slackの会議URLを発行できません","ライセンス不足または組織ポリシー制限の可能性があります。","コラボレーション"
"Slackでゲスト参加を許可したいです","外部参加ポリシーの対象範囲を確認し、必要に応じて設定変更申請を行ってください。","コラボレーション"
"Slackのメッセージ履歴が表示されません","保持ポリシーや同期不具合の可能性があります。対象チャネル名をお知らせください。","コラボレーション"
"Google Meetにサインインできません","SSO連携またはライセンス付与を確認します。","コラボレーション"
"Google Meetで会議を開始できません","主催者権限、ネットワーク、アプリ更新状態を確認してください。","コラボレーション"
"Google Meetで画面共有できません","画面収録権限やGPU設定、発表者権限を確認してください。","コラボレーション"
"Google Meetの通知が届きません","アプリ通知設定とOSの通知許可を確認してください。","コラボレーション"
"Google Meetでマイクが使えません","会議アプリ側の入力デバイス設定とOSのマイク権限を確認してください。","コラボレーション"
"Google Meetでカメラ映像が映りません","他アプリによるカメラ占有や権限設定を確認してください。","コラボレーション"
"Google Meetの録画保存先がわかりません","製品ごとにクラウド保存先が異なります。会議URLまたは主催者情報を共有してください。","コラボレーション"
"Google Meetの会議URLを発行できません","ライセンス不足または組織ポリシー制限の可能性があります。","コラボレーション"
"Google Meetでゲスト参加を許可したいです","外部参加ポリシーの対象範囲を確認し、必要に応じて設定変更申請を行ってください。","コラボレーション"
"Google Meetのメッセージ履歴が表示されません","保持ポリシーや同期不具合の可能性があります。対象チャネル名をお知らせください。","コラボレーション"
"Webexにサインインできません","SSO連携またはライセンス付与を確認します。","コラボレーション"
"Webexで会議を開始できません","主催者権限、ネットワーク、アプリ更新状態を確認してください。","コラボレーション"
"Webexで画面共有できません","画面収録権限やGPU設定、発表者権限を確認してください。","コラボレーション"
"Webexの通知が届きません","アプリ通知設定とOSの通知許可を確認してください。","コラボレーション"
"Webexでマイクが使えません","会議アプリ側の入力デバイス設定とOSのマイク権限を確認してください。","コラボレーション"
"Webexでカメラ映像が映りません","他アプリによるカメラ占有や権限設定を確認してください。","コラボレーション"
"Webexの録画保存先がわかりません","製品ごとにクラウド保存先が異なります。会議URLまたは主催者情報を共有してください。","コラボレーション"
"Webexの会議URLを発行できません","ライセンス不足または組織ポリシー制限の可能性があります。","コラボレーション"
"Webexでゲスト参加を許可したいです","外部参加ポリシーの対象範囲を確認し、必要に応じて設定変更申請を行ってください。","コラボレーション"
"Webexのメッセージ履歴が表示されません","保持ポリシーや同期不具合の可能性があります。対象チャネル名をお知らせください。","コラボレーション"
"OneDriveにアクセスできません","アクセス権、ネットワーク接続、URL誤りを確認してください。","ファイル共有"
"OneDriveで同期エラーが出ます","ファイル名制限、容量不足、クライアント再起動を確認してください。","ファイル共有"
"OneDriveで共有リンクを作成できません","外部共有制限または権限不足の可能性があります。","ファイル共有"
"OneDriveにファイルをアップロードできません","サイズ上限、禁止拡張子、ブラウザキャッシュを確認してください。","ファイル共有"
"OneDriveから削除したファイルを戻したいです","ごみ箱またはバージョン履歴から復元できる場合があります。対象ファイル名をお知らせください。","ファイル共有"
"OneDriveでフォルダ名を変更できません","利用中、同期中、権限不足のいずれかの可能性があります。","ファイル共有"
"OneDriveの容量が不足しています","不要ファイル整理とアーカイブ移行を検討してください。","ファイル共有"
"OneDriveでアクセス権を一括変更したいです","対象フォルダ、対象者、権限レベルを一覧でお知らせください。","ファイル共有"
"OneDriveでバージョン履歴を確認したいです","ファイル右クリックまたは詳細メニューから履歴を確認できます。","ファイル共有"
"OneDriveの同期クライアントを再設定したいです","サインアウト後に再サインインし、同期対象を再選択してください。","ファイル共有"
"SharePointサイトにアクセスできません","アクセス権、ネットワーク接続、URL誤りを確認してください。","ファイル共有"
"SharePointサイトで同期エラーが出ます","ファイル名制限、容量不足、クライアント再起動を確認してください。","ファイル共有"
"SharePointサイトで共有リンクを作成できません","外部共有制限または権限不足の可能性があります。","ファイル共有"
"SharePointサイトにファイルをアップロードできません","サイズ上限、禁止拡張子、ブラウザキャッシュを確認してください。","ファイル共有"
"SharePointサイトから削除したファイルを戻したいです","ごみ箱またはバージョン履歴から復元できる場合があります。対象ファイル名をお知らせください。","ファイル共有"
"SharePointサイトでフォルダ名を変更できません","利用中、同期中、権限不足のいずれかの可能性があります。","ファイル共有"
"SharePointサイトの容量が不足しています","不要ファイル整理とアーカイブ移行を検討してください。","ファイル共有"
"SharePointサイトでアクセス権を一括変更したいです","対象フォルダ、対象者、権限レベルを一覧でお知らせください。","ファイル共有"
"SharePointサイトでバージョン履歴を確認したいです","ファイル右クリックまたは詳細メニューから履歴を確認できます。","ファイル共有"
"SharePointサイトの同期クライアントを再設定したいです","サインアウト後に再サインインし、同期対象を再選択してください。","ファイル共有"
"共有フォルダにアクセスできません","アクセス権、ネットワーク接続、URL誤りを確認してください。","ファイル共有"
"共有フォルダで同期エラーが出ます","ファイル名制限、容量不足、クライアント再起動を確認してください。","ファイル共有"
"共有フォルダで共有リンクを作成できません","外部共有制限または権限不足の可能性があります。","ファイル共有"
"共有フォルダにファイルをアップロードできません","サイズ上限、禁止拡張子、ブラウザキャッシュを確認してください。","ファイル共有"
"共有フォルダから削除したファイルを戻したいです","ごみ箱またはバージョン履歴から復元できる場合があります。対象ファイル名をお知らせください。","ファイル共有"
"共有フォルダでフォルダ名を変更できません","利用中、同期中、権限不足のいずれかの可能性があります。","ファイル共有"
"共有フォルダの容量が不足しています","不要ファイル整理とアーカイブ移行を検討してください。","ファイル共有"
"共有フォルダでアクセス権を一括変更したいです","対象フォルダ、対象者、権限レベルを一覧でお知らせください。","ファイル共有"
"共有フォルダでバージョン履歴を確認したいです","ファイル右クリックまたは詳細メニューから履歴を確認できます。","ファイル共有"
"共有フォルダの同期クライアントを再設定したいです","サインアウト後に再サインインし、同期対象を再選択してください。","ファイル共有"
"Boxにアクセスできません","アクセス権、ネットワーク接続、URL誤りを確認してください。","ファイル共有"
"Boxで同期エラーが出ます","ファイル名制限、容量不足、クライアント再起動を確認してください。","ファイル共有"
"Boxで共有リンクを作成できません","外部共有制限または権限不足の可能性があります。","ファイル共有"
"Boxにファイルをアップロードできません","サイズ上限、禁止拡張子、ブラウザキャッシュを確認してください。","ファイル共有"
"Boxから削除したファイルを戻したいです","ごみ箱またはバージョン履歴から復元できる場合があります。対象ファイル名をお知らせください。","ファイル共有"
"Boxでフォルダ名を変更できません","利用中、同期中、権限不足のいずれかの可能性があります。","ファイル共有"
"Boxの容量が不足しています","不要ファイル整理とアーカイブ移行を検討してください。","ファイル共有"
"Boxでアクセス権を一括変更したいです","対象フォルダ、対象者、権限レベルを一覧でお知らせください。","ファイル共有"
"Boxでバージョン履歴を確認したいです","ファイル右クリックまたは詳細メニューから履歴を確認できます。","ファイル共有"
"Boxの同期クライアントを再設定したいです","サインアウト後に再サインインし、同期対象を再選択してください。","ファイル共有"
"NASにアクセスできません","アクセス権、ネットワーク接続、URL誤りを確認してください。","ファイル共有"
"NASで同期エラーが出ます","ファイル名制限、容量不足、クライアント再起動を確認してください。","ファイル共有"
"NASで共有リンクを作成できません","外部共有制限または権限不足の可能性があります。","ファイル共有"
"NASにファイルをアップロードできません","サイズ上限、禁止拡張子、ブラウザキャッシュを確認してください。","ファイル共有"
"NASから削除したファイルを戻したいです","ごみ箱またはバージョン履歴から復元できる場合があります。対象ファイル名をお知らせください。","ファイル共有"
"NASでフォルダ名を変更できません","利用中、同期中、権限不足のいずれかの可能性があります。","ファイル共有"
"NASの容量が不足しています","不要ファイル整理とアーカイブ移行を検討してください。","ファイル共有"
"NASでアクセス権を一括変更したいです","対象フォルダ、対象者、権限レベルを一覧でお知らせください。","ファイル共有"
"NASでバージョン履歴を確認したいです","ファイル右クリックまたは詳細メニューから履歴を確認できます。","ファイル共有"
"NASの同期クライアントを再設定したいです","サインアウト後に再サインインし、同期対象を再選択してください。","ファイル共有"
"複合機で印刷できません","既定プリンタ、印刷キュー、用紙切れ、エラーメッセージを確認してください。","プリンタ・スキャン"
"複合機で紙詰まりが発生しました","表示手順に従い詰まりを除去してください。無理に引き抜かず担当者へ連絡してください。","プリンタ・スキャン"
"複合機の印刷ジョブが残ったままです","スプーラー再起動またはジョブ削除を行います。","プリンタ・スキャン"
"複合機でカラー印刷できません","利用権限またはアプリ側のモノクロ設定を確認してください。","プリンタ・スキャン"
"複合機のスキャンデータが届きません","送信先メールアドレス・保存先フォルダ・容量制限を確認してください。","プリンタ・スキャン"
"複合機を追加したいです","設置場所、利用人数、接続方式を記載して申請してください。","プリンタ・スキャン"
"複合機のドライバーを入れたいです","機種名とOSを確認し、標準配布対象かどうかを確認します。","プリンタ・スキャン"
"複合機で両面印刷ができません","対応機種かどうかとプリンタプロパティ設定を確認してください。","プリンタ・スキャン"
"複合機でバーコードが潰れて印刷されます","解像度設定、用紙サイズ、ドライバー種別を確認してください。","プリンタ・スキャン"
"複合機のトナー交換時期を確認したいです","管理画面または本体パネルで残量確認が可能です。必要なら交換品を手配します。","プリンタ・スキャン"
"ネットワークプリンターで印刷できません","既定プリンタ、印刷キュー、用紙切れ、エラーメッセージを確認してください。","プリンタ・スキャン"
"ネットワークプリンターで紙詰まりが発生しました","表示手順に従い詰まりを除去してください。無理に引き抜かず担当者へ連絡してください。","プリンタ・スキャン"
"ネットワークプリンターの印刷ジョブが残ったままです","スプーラー再起動またはジョブ削除を行います。","プリンタ・スキャン"
"ネットワークプリンターでカラー印刷できません","利用権限またはアプリ側のモノクロ設定を確認してください。","プリンタ・スキャン"
"ネットワークプリンターのスキャンデータが届きません","送信先メールアドレス・保存先フォルダ・容量制限を確認してください。","プリンタ・スキャン"
"ネットワークプリンターを追加したいです","設置場所、利用人数、接続方式を記載して申請してください。","プリンタ・スキャン"
"ネットワークプリンターのドライバーを入れたいです","機種名とOSを確認し、標準配布対象かどうかを確認します。","プリンタ・スキャン"
"ネットワークプリンターで両面印刷ができません","対応機種かどうかとプリンタプロパティ設定を確認してください。","プリンタ・スキャン"
"ネットワークプリンターでバーコードが潰れて印刷されます","解像度設定、用紙サイズ、ドライバー種別を確認してください。","プリンタ・スキャン"
"ネットワークプリンターのトナー交換時期を確認したいです","管理画面または本体パネルで残量確認が可能です。必要なら交換品を手配します。","プリンタ・スキャン"
"ラベルプリンターで印刷できません","既定プリンタ、印刷キュー、用紙切れ、エラーメッセージを確認してください。","プリンタ・スキャン"
"ラベルプリンターで紙詰まりが発生しました","表示手順に従い詰まりを除去してください。無理に引き抜かず担当者へ連絡してください。","プリンタ・スキャン"
"ラベルプリンターの印刷ジョブが残ったままです","スプーラー再起動またはジョブ削除を行います。","プリンタ・スキャン"
"ラベルプリンターでカラー印刷できません","利用権限またはアプリ側のモノクロ設定を確認してください。","プリンタ・スキャン"
"ラベルプリンターのスキャンデータが届きません","送信先メールアドレス・保存先フォルダ・容量制限を確認してください。","プリンタ・スキャン"
"ラベルプリンターを追加したいです","設置場所、利用人数、接続方式を記載して申請してください。","プリンタ・スキャン"
"ラベルプリンターのドライバーを入れたいです","機種名とOSを確認し、標準配布対象かどうかを確認します。","プリンタ・スキャン"
"ラベルプリンターで両面印刷ができません","対応機種かどうかとプリンタプロパティ設定を確認してください。","プリンタ・スキャン"
"ラベルプリンターでバーコードが潰れて印刷されます","解像度設定、用紙サイズ、ドライバー種別を確認してください。","プリンタ・スキャン"
"ラベルプリンターのトナー交換時期を確認したいです","管理画面または本体パネルで残量確認が可能です。必要なら交換品を手配します。","プリンタ・スキャン"
"スキャナーで印刷できません","既定プリンタ、印刷キュー、用紙切れ、エラーメッセージを確認してください。","プリンタ・スキャン"
"スキャナーで紙詰まりが発生しました","表示手順に従い詰まりを除去してください。無理に引き抜かず担当者へ連絡してください。","プリンタ・スキャン"
"スキャナーの印刷ジョブが残ったままです","スプーラー再起動またはジョブ削除を行います。","プリンタ・スキャン"
"スキャナーでカラー印刷できません","利用権限またはアプリ側のモノクロ設定を確認してください。","プリンタ・スキャン"
"スキャナーのスキャンデータが届きません","送信先メールアドレス・保存先フォルダ・容量制限を確認してください。","プリンタ・スキャン"
"スキャナーを追加したいです","設置場所、利用人数、接続方式を記載して申請してください。","プリンタ・スキャン"
"スキャナーのドライバーを入れたいです","機種名とOSを確認し、標準配布対象かどうかを確認します。","プリンタ・スキャン"
"スキャナーで両面印刷ができません","対応機種かどうかとプリンタプロパティ設定を確認してください。","プリンタ・スキャン"
"スキャナーでバーコードが潰れて印刷されます","解像度設定、用紙サイズ、ドライバー種別を確認してください。","プリンタ・スキャン"
"スキャナーのトナー交換時期を確認したいです","管理画面または本体パネルで残量確認が可能です。必要なら交換品を手配します。","プリンタ・スキャン"
"PDFプリンターで印刷できません","既定プリンタ、印刷キュー、用紙切れ、エラーメッセージを確認してください。","プリンタ・スキャン"
"PDFプリンターで紙詰まりが発生しました","表示手順に従い詰まりを除去してください。無理に引き抜かず担当者へ連絡してください。","プリンタ・スキャン"
"PDFプリンターの印刷ジョブが残ったままです","スプーラー再起動またはジョブ削除を行います。","プリンタ・スキャン"
"PDFプリンターでカラー印刷できません","利用権限またはアプリ側のモノクロ設定を確認してください。","プリンタ・スキャン"
"PDFプリンターのスキャンデータが届きません","送信先メールアドレス・保存先フォルダ・容量制限を確認してください。","プリンタ・スキャン"
"PDFプリンターを追加したいです","設置場所、利用人数、接続方式を記載して申請してください。","プリンタ・スキャン"
"PDFプリンターのドライバーを入れたいです","機種名とOSを確認し、標準配布対象かどうかを確認します。","プリンタ・スキャン"
"PDFプリンターで両面印刷ができません","対応機種かどうかとプリンタプロパティ設定を確認してください。","プリンタ・スキャン"
"PDFプリンターでバーコードが潰れて印刷されます","解像度設定、用紙サイズ、ドライバー種別を確認してください。","プリンタ・スキャン"
"PDFプリンターのトナー交換時期を確認したいです","管理画面または本体パネルで残量確認が可能です。必要なら交換品を手配します。","プリンタ・スキャン"
"iPhoneの初期設定方法を教えてください","同梱手順書またはMDM登録手順に従って初期設定してください。","モバイル端末"
"iPhoneで会社メールを受信できません","MDM登録、メールプロファイル、ネットワーク接続を確認してください。","モバイル端末"
"iPhoneの画面ロック解除ができません","本人確認後に初期化または管理画面からの解除可否を確認します。","モバイル端末"
"iPhoneが紛失・盗難にあいました","至急情シスへ連絡してください。回線停止、遠隔ロック、ワイプを実施します。","モバイル端末"
"iPhoneのSIMが認識されません","SIM挿し直しと再起動を試してください。改善しなければ回線会社へ確認します。","モバイル端末"
"iPhoneでテザリングできません","契約プランと端末設定を確認してください。利用制限がある場合があります。","モバイル端末"
"iPhoneのOS更新ができません","空き容量、Wi-Fi接続、バッテリー残量を確認してください。","モバイル端末"
"iPhoneでアプリをインストールできません","MDM配布制限またはストア利用制限の可能性があります。","モバイル端末"
"iPhoneのバッテリー消耗が激しいです","高負荷アプリ、電波状況、劣化状態を確認してください。","モバイル端末"
"iPhoneを機種変更したいです","利用年数、故障状況、上長承認を確認のうえ交換可否を案内します。","モバイル端末"
"iPadの初期設定方法を教えてください","同梱手順書またはMDM登録手順に従って初期設定してください。","モバイル端末"
"iPadで会社メールを受信できません","MDM登録、メールプロファイル、ネットワーク接続を確認してください。","モバイル端末"
"iPadの画面ロック解除ができません","本人確認後に初期化または管理画面からの解除可否を確認します。","モバイル端末"
"iPadが紛失・盗難にあいました","至急情シスへ連絡してください。回線停止、遠隔ロック、ワイプを実施します。","モバイル端末"
"iPadのSIMが認識されません","SIM挿し直しと再起動を試してください。改善しなければ回線会社へ確認します。","モバイル端末"
"iPadでテザリングできません","契約プランと端末設定を確認してください。利用制限がある場合があります。","モバイル端末"
"iPadのOS更新ができません","空き容量、Wi-Fi接続、バッテリー残量を確認してください。","モバイル端末"
"iPadでアプリをインストールできません","MDM配布制限またはストア利用制限の可能性があります。","モバイル端末"
"iPadのバッテリー消耗が激しいです","高負荷アプリ、電波状況、劣化状態を確認してください。","モバイル端末"
"iPadを機種変更したいです","利用年数、故障状況、上長承認を確認のうえ交換可否を案内します。","モバイル端末"
"Androidスマホの初期設定方法を教えてください","同梱手順書またはMDM登録手順に従って初期設定してください。","モバイル端末"
"Androidスマホで会社メールを受信できません","MDM登録、メールプロファイル、ネットワーク接続を確認してください。","モバイル端末"
"Androidスマホの画面ロック解除ができません","本人確認後に初期化または管理画面からの解除可否を確認します。","モバイル端末"
"Androidスマホが紛失・盗難にあいました","至急情シスへ連絡してください。回線停止、遠隔ロック、ワイプを実施します。","モバイル端末"
"AndroidスマホのSIMが認識されません","SIM挿し直しと再起動を試してください。改善しなければ回線会社へ確認します。","モバイル端末"
"Androidスマホでテザリングできません","契約プランと端末設定を確認してください。利用制限がある場合があります。","モバイル端末"
"AndroidスマホのOS更新ができません","空き容量、Wi-Fi接続、バッテリー残量を確認してください。","モバイル端末"
"Androidスマホでアプリをインストールできません","MDM配布制限またはストア利用制限の可能性があります。","モバイル端末"
"Androidスマホのバッテリー消耗が激しいです","高負荷アプリ、電波状況、劣化状態を確認してください。","モバイル端末"
"Androidスマホを機種変更したいです","利用年数、故障状況、上長承認を確認のうえ交換可否を案内します。","モバイル端末"
"社用ガラホの初期設定方法を教えてください","同梱手順書またはMDM登録手順に従って初期設定してください。","モバイル端末"
"社用ガラホで会社メールを受信できません","MDM登録、メールプロファイル、ネットワーク接続を確認してください。","モバイル端末"
"社用ガラホの画面ロック解除ができません","本人確認後に初期化または管理画面からの解除可否を確認します。","モバイル端末"
"社用ガラホが紛失・盗難にあいました","至急情シスへ連絡してください。回線停止、遠隔ロック、ワイプを実施します。","モバイル端末"
"社用ガラホのSIMが認識されません","SIM挿し直しと再起動を試してください。改善しなければ回線会社へ確認します。","モバイル端末"
"社用ガラホでテザリングできません","契約プランと端末設定を確認してください。利用制限がある場合があります。","モバイル端末"
"社用ガラホのOS更新ができません","空き容量、Wi-Fi接続、バッテリー残量を確認してください。","モバイル端末"
"社用ガラホでアプリをインストールできません","MDM配布制限またはストア利用制限の可能性があります。","モバイル端末"
"社用ガラホのバッテリー消耗が激しいです","高負荷アプリ、電波状況、劣化状態を確認してください。","モバイル端末"
"社用ガラホを機種変更したいです","利用年数、故障状況、上長承認を確認のうえ交換可否を案内します。","モバイル端末"
"モバイルルーターの初期設定方法を教えてください","同梱手順書またはMDM登録手順に従って初期設定してください。","モバイル端末"
"モバイルルーターで会社メールを受信できません","MDM登録、メールプロファイル、ネットワーク接続を確認してください。","モバイル端末"
"モバイルルーターの画面ロック解除ができません","本人確認後に初期化または管理画面からの解除可否を確認します。","モバイル端末"
"モバイルルーターが紛失・盗難にあいました","至急情シスへ連絡してください。回線停止、遠隔ロック、ワイプを実施します。","モバイル端末"
"モバイルルーターのSIMが認識されません","SIM挿し直しと再起動を試してください。改善しなければ回線会社へ確認します。","モバイル端末"
"モバイルルーターでテザリングできません","契約プランと端末設定を確認してください。利用制限がある場合があります。","モバイル端末"
"モバイルルーターのOS更新ができません","空き容量、Wi-Fi接続、バッテリー残量を確認してください。","モバイル端末"
"モバイルルーターでアプリをインストールできません","MDM配布制限またはストア利用制限の可能性があります。","モバイル端末"
"モバイルルーターのバッテリー消耗が激しいです","高負荷アプリ、電波状況、劣化状態を確認してください。","モバイル端末"
"モバイルルーターを機種変更したいです","利用年数、故障状況、上長承認を確認のうえ交換可否を案内します。","モバイル端末"
"MFAの登録方法がわかりません","社内手順書に従って登録してください。困難な場合は窓口で対面支援します。","セキュリティ"
"MFAで認証コードが受け取れません","時刻同期、通信状況、登録済み電話番号または認証アプリを確認してください。","セキュリティ"
"MFAが脅威を検知したと表示しました","表示内容のスクリーンショットを取得し、PCをネットワークから切断して連絡してください。","セキュリティ"
"MFAでUSB利用がブロックされました","ポリシー制限の可能性があります。業務利用理由を添えて例外申請してください。","セキュリティ"
"MFAの回復キーが必要です","端末名と表示中のキーIDを共有してください。本人確認後に案内します。","セキュリティ"
"MFAの更新が止まっています","サービス状態とネットワーク接続を確認し、必要に応じて再配布します。","セキュリティ"
"MFAの警告が頻繁に出ます","誤検知の可能性もあるため、発生時刻と対象ファイル名を共有してください。","セキュリティ"
"MFAの適用状況を確認したいです","管理コンソールで対象端末の準拠状態を確認します。","セキュリティ"
"MFAで外部メディア書き込みを許可したいです","情報管理部門の承認が必要です。利用期間と保存データ種別を申請してください。","セキュリティ"
"MFAのポリシー除外申請をしたいです","対象アプリ、通信先、業務理由を明記のうえ例外申請を提出してください。","セキュリティ"
"EDRの登録方法がわかりません","社内手順書に従って登録してください。困難な場合は窓口で対面支援します。","セキュリティ"
"EDRで認証コードが受け取れません","時刻同期、通信状況、登録済み電話番号または認証アプリを確認してください。","セキュリティ"
"EDRが脅威を検知したと表示しました","表示内容のスクリーンショットを取得し、PCをネットワークから切断して連絡してください。","セキュリティ"
"EDRでUSB利用がブロックされました","ポリシー制限の可能性があります。業務利用理由を添えて例外申請してください。","セキュリティ"
"EDRの回復キーが必要です","端末名と表示中のキーIDを共有してください。本人確認後に案内します。","セキュリティ"
"EDRの更新が止まっています","サービス状態とネットワーク接続を確認し、必要に応じて再配布します。","セキュリティ"
"EDRの警告が頻繁に出ます","誤検知の可能性もあるため、発生時刻と対象ファイル名を共有してください。","セキュリティ"
"EDRの適用状況を確認したいです","管理コンソールで対象端末の準拠状態を確認します。","セキュリティ"
"EDRで外部メディア書き込みを許可したいです","情報管理部門の承認が必要です。利用期間と保存データ種別を申請してください。","セキュリティ"
"EDRのポリシー除外申請をしたいです","対象アプリ、通信先、業務理由を明記のうえ例外申請を提出してください。","セキュリティ"
"ウイルス対策ソフトの登録方法がわかりません","社内手順書に従って登録してください。困難な場合は窓口で対面支援します。","セキュリティ"
"ウイルス対策ソフトで認証コードが受け取れません","時刻同期、通信状況、登録済み電話番号または認証アプリを確認してください。","セキュリティ"
"ウイルス対策ソフトが脅威を検知したと表示しました","表示内容のスクリーンショットを取得し、PCをネットワークから切断して連絡してください。","セキュリティ"
"ウイルス対策ソフトでUSB利用がブロックされました","ポリシー制限の可能性があります。業務利用理由を添えて例外申請してください。","セキュリティ"
"ウイルス対策ソフトの回復キーが必要です","端末名と表示中のキーIDを共有してください。本人確認後に案内します。","セキュリティ"
"ウイルス対策ソフトの更新が止まっています","サービス状態とネットワーク接続を確認し、必要に応じて再配布します。","セキュリティ"
"ウイルス対策ソフトの警告が頻繁に出ます","誤検知の可能性もあるため、発生時刻と対象ファイル名を共有してください。","セキュリティ"
"ウイルス対策ソフトの適用状況を確認したいです","管理コンソールで対象端末の準拠状態を確認します。","セキュリティ"
"ウイルス対策ソフトで外部メディア書き込みを許可したいです","情報管理部門の承認が必要です。利用期間と保存データ種別を申請してください。","セキュリティ"
"ウイルス対策ソフトのポリシー除外申請をしたいです","対象アプリ、通信先、業務理由を明記のうえ例外申請を提出してください。","セキュリティ"
"BitLockerの登録方法がわかりません","社内手順書に従って登録してください。困難な場合は窓口で対面支援します。","セキュリティ"
"BitLockerで認証コードが受け取れません","時刻同期、通信状況、登録済み電話番号または認証アプリを確認してください。","セキュリティ"
"BitLockerが脅威を検知したと表示しました","表示内容のスクリーンショットを取得し、PCをネットワークから切断して連絡してください。","セキュリティ"
"BitLockerでUSB利用がブロックされました","ポリシー制限の可能性があります。業務利用理由を添えて例外申請してください。","セキュリティ"
"BitLockerの回復キーが必要です","端末名と表示中のキーIDを共有してください。本人確認後に案内します。","セキュリティ"
"BitLockerの更新が止まっています","サービス状態とネットワーク接続を確認し、必要に応じて再配布します。","セキュリティ"
"BitLockerの警告が頻繁に出ます","誤検知の可能性もあるため、発生時刻と対象ファイル名を共有してください。","セキュリティ"
"BitLockerの適用状況を確認したいです","管理コンソールで対象端末の準拠状態を確認します。","セキュリティ"
"BitLockerで外部メディア書き込みを許可したいです","情報管理部門の承認が必要です。利用期間と保存データ種別を申請してください。","セキュリティ"
"BitLockerのポリシー除外申請をしたいです","対象アプリ、通信先、業務理由を明記のうえ例外申請を提出してください。","セキュリティ"
"デバイス制御の登録方法がわかりません","社内手順書に従って登録してください。困難な場合は窓口で対面支援します。","セキュリティ"
"デバイス制御で認証コードが受け取れません","時刻同期、通信状況、登録済み電話番号または認証アプリを確認してください。","セキュリティ"
"デバイス制御が脅威を検知したと表示しました","表示内容のスクリーンショットを取得し、PCをネットワークから切断して連絡してください。","セキュリティ"
"デバイス制御でUSB利用がブロックされました","ポリシー制限の可能性があります。業務利用理由を添えて例外申請してください。","セキュリティ"
"デバイス制御の回復キーが必要です","端末名と表示中のキーIDを共有してください。本人確認後に案内します。","セキュリティ"
"デバイス制御の更新が止まっています","サービス状態とネットワーク接続を確認し、必要に応じて再配布します。","セキュリティ"
"デバイス制御の警告が頻繁に出ます","誤検知の可能性もあるため、発生時刻と対象ファイル名を共有してください。","セキュリティ"
"デバイス制御の適用状況を確認したいです","管理コンソールで対象端末の準拠状態を確認します。","セキュリティ"
"デバイス制御で外部メディア書き込みを許可したいです","情報管理部門の承認が必要です。利用期間と保存データ種別を申請してください。","セキュリティ"
"デバイス制御のポリシー除外申請をしたいです","対象アプリ、通信先、業務理由を明記のうえ例外申請を提出してください。","セキュリティ"
"新規PC申請の申請方法を教えてください","社内ポータルの申請メニューから必要項目を入力してください。","申請・購買"
"新規PC申請の承認状況を確認したいです","申請番号を共有いただければ進捗を確認します。","申請・購買"
"新規PC申請を急ぎで処理してほしいです","理由と希望日を記載してください。承認フロー上、即日対応できない場合があります。","申請・購買"
"新規PC申請の入力項目がわかりません","申請画面の必須項目一覧または申請マニュアルを参照してください。","申請・購買"
"新規PC申請を代理申請したいです","代理権限の付与または委任メールが必要です。","申請・購買"
"新規PC申請の申請を取り下げたいです","承認前であれば申請者自身で取消可能です。承認後は情シスへご連絡ください。","申請・購買"
"新規PC申請で対象システムが選べません","申請対象が未公開またはライセンス上限に達している可能性があります。","申請・購買"
"新規PC申請の見積もりを先にほしいです","用途、数量、希望納期を共有ください。見積取得後に申請手続きを案内します。","申請・購買"
"新規PC申請の標準納期を知りたいです","在庫品は数営業日、取り寄せ品は1〜3週間が目安です。","申請・購買"
"新規PC申請の承認者を変更したいです","組織改編や代理承認設定の影響があるため、対象申請番号を添えて依頼してください。","申請・購買"
"ソフトウェア申請の申請方法を教えてください","社内ポータルの申請メニューから必要項目を入力してください。","申請・購買"
"ソフトウェア申請の承認状況を確認したいです","申請番号を共有いただければ進捗を確認します。","申請・購買"
"ソフトウェア申請を急ぎで処理してほしいです","理由と希望日を記載してください。承認フロー上、即日対応できない場合があります。","申請・購買"
"ソフトウェア申請の入力項目がわかりません","申請画面の必須項目一覧または申請マニュアルを参照してください。","申請・購買"
"ソフトウェア申請を代理申請したいです","代理権限の付与または委任メールが必要です。","申請・購買"
"ソフトウェア申請の申請を取り下げたいです","承認前であれば申請者自身で取消可能です。承認後は情シスへご連絡ください。","申請・購買"
"ソフトウェア申請で対象システムが選べません","申請対象が未公開またはライセンス上限に達している可能性があります。","申請・購買"
"ソフトウェア申請の見積もりを先にほしいです","用途、数量、希望納期を共有ください。見積取得後に申請手続きを案内します。","申請・購買"
"ソフトウェア申請の標準納期を知りたいです","在庫品は数営業日、取り寄せ品は1〜3週間が目安です。","申請・購買"
"ソフトウェア申請の承認者を変更したいです","組織改編や代理承認設定の影響があるため、対象申請番号を添えて依頼してください。","申請・購買"
"アカウント申請の申請方法を教えてください","社内ポータルの申請メニューから必要項目を入力してください。","申請・購買"
"アカウント申請の承認状況を確認したいです","申請番号を共有いただければ進捗を確認します。","申請・購買"
"アカウント申請を急ぎで処理してほしいです","理由と希望日を記載してください。承認フロー上、即日対応できない場合があります。","申請・購買"
"アカウント申請の入力項目がわかりません","申請画面の必須項目一覧または申請マニュアルを参照してください。","申請・購買"
"アカウント申請を代理申請したいです","代理権限の付与または委任メールが必要です。","申請・購買"
"アカウント申請の申請を取り下げたいです","承認前であれば申請者自身で取消可能です。承認後は情シスへご連絡ください。","申請・購買"
"アカウント申請で対象システムが選べません","申請対象が未公開またはライセンス上限に達している可能性があります。","申請・購買"
"アカウント申請の見積もりを先にほしいです","用途、数量、希望納期を共有ください。見積取得後に申請手続きを案内します。","申請・購買"
"アカウント申請の標準納期を知りたいです","在庫品は数営業日、取り寄せ品は1〜3週間が目安です。","申請・購買"
"アカウント申請の承認者を変更したいです","組織改編や代理承認設定の影響があるため、対象申請番号を添えて依頼してください。","申請・購買"
"権限申請の申請方法を教えてください","社内ポータルの申請メニューから必要項目を入力してください。","申請・購買"
"権限申請の承認状況を確認したいです","申請番号を共有いただければ進捗を確認します。","申請・購買"
"権限申請を急ぎで処理してほしいです","理由と希望日を記載してください。承認フロー上、即日対応できない場合があります。","申請・購買"
"権限申請の入力項目がわかりません","申請画面の必須項目一覧または申請マニュアルを参照してください。","申請・購買"
"権限申請を代理申請したいです","代理権限の付与または委任メールが必要です。","申請・購買"
"権限申請の申請を取り下げたいです","承認前であれば申請者自身で取消可能です。承認後は情シスへご連絡ください。","申請・購買"
"権限申請で対象システムが選べません","申請対象が未公開またはライセンス上限に達している可能性があります。","申請・購買"
"権限申請の見積もりを先にほしいです","用途、数量、希望納期を共有ください。見積取得後に申請手続きを案内します。","申請・購買"
"権限申請の標準納期を知りたいです","在庫品は数営業日、取り寄せ品は1〜3週間が目安です。","申請・購買"
"権限申請の承認者を変更したいです","組織改編や代理承認設定の影響があるため、対象申請番号を添えて依頼してください。","申請・購買"
"備品申請の申請方法を教えてください","社内ポータルの申請メニューから必要項目を入力してください。","申請・購買"
"備品申請の承認状況を確認したいです","申請番号を共有いただければ進捗を確認します。","申請・購買"
"備品申請を急ぎで処理してほしいです","理由と希望日を記載してください。承認フロー上、即日対応できない場合があります。","申請・購買"
"備品申請の入力項目がわかりません","申請画面の必須項目一覧または申請マニュアルを参照してください。","申請・購買"
"備品申請を代理申請したいです","代理権限の付与または委任メールが必要です。","申請・購買"
"備品申請の申請を取り下げたいです","承認前であれば申請者自身で取消可能です。承認後は情シスへご連絡ください。","申請・購買"
"備品申請で対象システムが選べません","申請対象が未公開またはライセンス上限に達している可能性があります。","申請・購買"
"備品申請の見積もりを先にほしいです","用途、数量、希望納期を共有ください。見積取得後に申請手続きを案内します。","申請・購買"
"備品申請の標準納期を知りたいです","在庫品は数営業日、取り寄せ品は1〜3週間が目安です。","申請・購買"
"備品申請の承認者を変更したいです","組織改編や代理承認設定の影響があるため、対象申請番号を添えて依頼してください。","申請・購買"
"勤怠システムにログインできません","ID・パスワード・SSO連携状態を確認してください。","業務システム"
"勤怠システムでエラーコードが表示されます","エラーコードと操作手順を共有してください。既知障害か確認します。","業務システム"
"勤怠システムで承認画面が開きません","ブラウザ互換性または権限不足の可能性があります。","業務システム"
"勤怠システムのデータが更新されません","バッチ反映時間や他システム連携の遅延を確認します。","業務システム"
"勤怠システムでCSV取込に失敗します","テンプレート形式、文字コード、必須項目を確認してください。","業務システム"
"勤怠システムで帳票を出力できません","ポップアップブロックやPDF閲覧設定を確認してください。","業務システム"
"勤怠システムの通知メールが届きません","メールアドレス登録と迷惑メール判定を確認します。","業務システム"
"勤怠システムの権限を追加したいです","ロール名と利用業務を明記して権限申請を提出してください。","業務システム"
"勤怠システムで検索結果が0件になります","検索条件、期間指定、参照権限の有無を確認してください。","業務システム"
"勤怠システムの利用マニュアルを見たいです","社内ポータルの業務システム一覧から最新版マニュアルを参照できます。","業務システム"
"経費精算システムにログインできません","ID・パスワード・SSO連携状態を確認してください。","業務システム"
"経費精算システムでエラーコードが表示されます","エラーコードと操作手順を共有してください。既知障害か確認します。","業務システム"
"経費精算システムで承認画面が開きません","ブラウザ互換性または権限不足の可能性があります。","業務システム"
"経費精算システムのデータが更新されません","バッチ反映時間や他システム連携の遅延を確認します。","業務システム"
"経費精算システムでCSV取込に失敗します","テンプレート形式、文字コード、必須項目を確認してください。","業務システム"
"経費精算システムで帳票を出力できません","ポップアップブロックやPDF閲覧設定を確認してください。","業務システム"
"経費精算システムの通知メールが届きません","メールアドレス登録と迷惑メール判定を確認します。","業務システム"
"経費精算システムの権限を追加したいです","ロール名と利用業務を明記して権限申請を提出してください。","業務システム"
"経費精算システムで検索結果が0件になります","検索条件、期間指定、参照権限の有無を確認してください。","業務システム"
"経費精算システムの利用マニュアルを見たいです","社内ポータルの業務システム一覧から最新版マニュアルを参照できます。","業務システム"
"ワークフローにログインできません","ID・パスワード・SSO連携状態を確認してください。","業務システム"
"ワークフローでエラーコードが表示されます","エラーコードと操作手順を共有してください。既知障害か確認します。","業務システム"
"ワークフローで承認画面が開きません","ブラウザ互換性または権限不足の可能性があります。","業務システム"
"ワークフローのデータが更新されません","バッチ反映時間や他システム連携の遅延を確認します。","業務システム"
"ワークフローでCSV取込に失敗します","テンプレート形式、文字コード、必須項目を確認してください。","業務システム"
"ワークフローで帳票を出力できません","ポップアップブロックやPDF閲覧設定を確認してください。","業務システム"
"ワークフローの通知メールが届きません","メールアドレス登録と迷惑メール判定を確認します。","業務システム"
"ワークフローの権限を追加したいです","ロール名と利用業務を明記して権限申請を提出してください。","業務システム"
"ワークフローで検索結果が0件になります","検索条件、期間指定、参照権限の有無を確認してください。","業務システム"
"ワークフローの利用マニュアルを見たいです","社内ポータルの業務システム一覧から最新版マニュアルを参照できます。","業務システム"
"ERPにログインできません","ID・パスワード・SSO連携状態を確認してください。","業務システム"
"ERPでエラーコードが表示されます","エラーコードと操作手順を共有してください。既知障害か確認します。","業務システム"
"ERPで承認画面が開きません","ブラウザ互換性または権限不足の可能性があります。","業務システム"
"ERPのデータが更新されません","バッチ反映時間や他システム連携の遅延を確認します。","業務システム"
"ERPでCSV取込に失敗します","テンプレート形式、文字コード、必須項目を確認してください。","業務システム"
"ERPで帳票を出力できません","ポップアップブロックやPDF閲覧設定を確認してください。","業務システム"
"ERPの通知メールが届きません","メールアドレス登録と迷惑メール判定を確認します。","業務システム"
"ERPの権限を追加したいです","ロール名と利用業務を明記して権限申請を提出してください。","業務システム"
"ERPで検索結果が0件になります","検索条件、期間指定、参照権限の有無を確認してください。","業務システム"
"ERPの利用マニュアルを見たいです","社内ポータルの業務システム一覧から最新版マニュアルを参照できます。","業務システム"
"CRMにログインできません","ID・パスワード・SSO連携状態を確認してください。","業務システム"
"CRMでエラーコードが表示されます","エラーコードと操作手順を共有してください。既知障害か確認します。","業務システム"
"CRMで承認画面が開きません","ブラウザ互換性または権限不足の可能性があります。","業務システム"
"CRMのデータが更新されません","バッチ反映時間や他システム連携の遅延を確認します。","業務システム"
"CRMでCSV取込に失敗します","テンプレート形式、文字コード、必須項目を確認してください。","業務システム"
"CRMで帳票を出力できません","ポップアップブロックやPDF閲覧設定を確認してください。","業務システム"
"CRMの通知メールが届きません","メールアドレス登録と迷惑メール判定を確認します。","業務システム"
"CRMの権限を追加したいです","ロール名と利用業務を明記して権限申請を提出してください。","業務システム"
"CRMで検索結果が0件になります","検索条件、期間指定、参照権限の有無を確認してください。","業務システム"
"CRMの利用マニュアルを見たいです","社内ポータルの業務システム一覧から最新版マニュアルを参照できます。","業務システム"
"Chromeが起動しません","再インストールまたはプロファイル破損の切り分けを行います。","ブラウザ・Web"
"Chromeでページ表示が崩れます","キャッシュ削除、拡張機能無効化、互換表示確認を行ってください。","ブラウザ・Web"
"Chromeでダウンロードがブロックされます","安全性判定またはブラウザ制御ポリシーの影響が考えられます。","ブラウザ・Web"
"Chromeで証明書エラーが表示されます","端末時刻、証明書有効期限、プロキシ経由設定を確認してください。","ブラウザ・Web"
"Chromeでポップアップが開きません","ポップアップブロック設定を解除してください。","ブラウザ・Web"
"Chromeのキャッシュを削除したいです","設定メニューから閲覧履歴とキャッシュを削除してください。","ブラウザ・Web"
"Chromeで拡張機能を追加したいです","業務利用理由を添えて申請してください。審査後に配布可否を案内します。","ブラウザ・Web"
"Chromeで社内サイトにアクセスするとループします","Cookie破損またはSSOセッション競合の可能性があります。Cookie削除後に再試行してください。","ブラウザ・Web"
"Chromeから印刷プレビューが開きません","ブラウザ更新、PDFビューア設定、既定プリンタを確認してください。","ブラウザ・Web"
"Chromeのブックマークを別PCへ移行したいです","同期機能またはエクスポート/インポート機能で移行可能です。","ブラウザ・Web"
"Edgeが起動しません","再インストールまたはプロファイル破損の切り分けを行います。","ブラウザ・Web"
"Edgeでページ表示が崩れます","キャッシュ削除、拡張機能無効化、互換表示確認を行ってください。","ブラウザ・Web"
"Edgeでダウンロードがブロックされます","安全性判定またはブラウザ制御ポリシーの影響が考えられます。","ブラウザ・Web"
"Edgeで証明書エラーが表示されます","端末時刻、証明書有効期限、プロキシ経由設定を確認してください。","ブラウザ・Web"
"Edgeでポップアップが開きません","ポップアップブロック設定を解除してください。","ブラウザ・Web"
"Edgeのキャッシュを削除したいです","設定メニューから閲覧履歴とキャッシュを削除してください。","ブラウザ・Web"
"Edgeで拡張機能を追加したいです","業務利用理由を添えて申請してください。審査後に配布可否を案内します。","ブラウザ・Web"
"Edgeで社内サイトにアクセスするとループします","Cookie破損またはSSOセッション競合の可能性があります。Cookie削除後に再試行してください。","ブラウザ・Web"
"Edgeから印刷プレビューが開きません","ブラウザ更新、PDFビューア設定、既定プリンタを確認してください。","ブラウザ・Web"
"Edgeのブックマークを別PCへ移行したいです","同期機能またはエクスポート/インポート機能で移行可能です。","ブラウザ・Web"
"Firefoxが起動しません","再インストールまたはプロファイル破損の切り分けを行います。","ブラウザ・Web"
"Firefoxでページ表示が崩れます","キャッシュ削除、拡張機能無効化、互換表示確認を行ってください。","ブラウザ・Web"
"Firefoxでダウンロードがブロックされます","安全性判定またはブラウザ制御ポリシーの影響が考えられます。","ブラウザ・Web"
"Firefoxで証明書エラーが表示されます","端末時刻、証明書有効期限、プロキシ経由設定を確認してください。","ブラウザ・Web"
"Firefoxでポップアップが開きません","ポップアップブロック設定を解除してください。","ブラウザ・Web"
"Firefoxのキャッシュを削除したいです","設定メニューから閲覧履歴とキャッシュを削除してください。","ブラウザ・Web"
"Firefoxで拡張機能を追加したいです","業務利用理由を添えて申請してください。審査後に配布可否を案内します。","ブラウザ・Web"
"Firefoxで社内サイトにアクセスするとループします","Cookie破損またはSSOセッション競合の可能性があります。Cookie削除後に再試行してください。","ブラウザ・Web"
"Firefoxから印刷プレビューが開きません","ブラウザ更新、PDFビューア設定、既定プリンタを確認してください。","ブラウザ・Web"
"Firefoxのブックマークを別PCへ移行したいです","同期機能またはエクスポート/インポート機能で移行可能です。","ブラウザ・Web"
"社内Webポータルが起動しません","再インストールまたはプロファイル破損の切り分けを行います。","ブラウザ・Web"
"社内Webポータルでページ表示が崩れます","キャッシュ削除、拡張機能無効化、互換表示確認を行ってください。","ブラウザ・Web"
"社内Webポータルでダウンロードがブロックされます","安全性判定またはブラウザ制御ポリシーの影響が考えられます。","ブラウザ・Web"
"社内Webポータルで証明書エラーが表示されます","端末時刻、証明書有効期限、プロキシ経由設定を確認してください。","ブラウザ・Web"
"社内Webポータルでポップアップが開きません","ポップアップブロック設定を解除してください。","ブラウザ・Web"
"社内Webポータルのキャッシュを削除したいです","設定メニューから閲覧履歴とキャッシュを削除してください。","ブラウザ・Web"
"社内Webポータルで拡張機能を追加したいです","業務利用理由を添えて申請してください。審査後に配布可否を案内します。","ブラウザ・Web"
"社内Webポータルで社内サイトにアクセスするとループします","Cookie破損またはSSOセッション競合の可能性があります。Cookie削除後に再試行してください。","ブラウザ・Web"
"社内Webポータルから印刷プレビューが開きません","ブラウザ更新、PDFビューア設定、既定プリンタを確認してください。","ブラウザ・Web"
"社内Webポータルのブックマークを別PCへ移行したいです","同期機能またはエクスポート/インポート機能で移行可能です。","ブラウザ・Web"
"SSOログイン画面が起動しません","再インストールまたはプロファイル破損の切り分けを行います。","ブラウザ・Web"
"SSOログイン画面でページ表示が崩れます","キャッシュ削除、拡張機能無効化、互換表示確認を行ってください。","ブラウザ・Web"
"SSOログイン画面でダウンロードがブロックされます","安全性判定またはブラウザ制御ポリシーの影響が考えられます。","ブラウザ・Web"
"SSOログイン画面で証明書エラーが表示されます","端末時刻、証明書有効期限、プロキシ経由設定を確認してください。","ブラウザ・Web"
"SSOログイン画面でポップアップが開きません","ポップアップブロック設定を解除してください。","ブラウザ・Web"
"SSOログイン画面のキャッシュを削除したいです","設定メニューから閲覧履歴とキャッシュを削除してください。","ブラウザ・Web"
"SSOログイン画面で拡張機能を追加したいです","業務利用理由を添えて申請してください。審査後に配布可否を案内します。","ブラウザ・Web"
"SSOログイン画面で社内サイトにアクセスするとループします","Cookie破損またはSSOセッション競合の可能性があります。Cookie削除後に再試行してください。","ブラウザ・Web"
"SSOログイン画面から印刷プレビューが開きません","ブラウザ更新、PDFビューア設定、既定プリンタを確認してください。","ブラウザ・Web"
"SSOログイン画面のブックマークを別PCへ移行したいです","同期機能またはエクスポート/インポート機能で移行可能です。","ブラウザ・Web"
"在宅勤務PCで社内業務ができません","VPN、認証、端末ポリシー適用状況を確認してください。","リモートワーク"
"在宅勤務PC経由で接続すると遅いです","回線品質、同時利用、VDI負荷の影響を確認します。","リモートワーク"
"在宅勤務PCに接続できません","接続先名、認証情報、社外接続許可の有無を確認してください。","リモートワーク"
"在宅勤務PCで画面が固まります","通信断や高遅延の可能性があります。可能であれば有線接続をお試しください。","リモートワーク"
"在宅勤務PCで音声会議が途切れます","Wi-Fi干渉や上り帯域不足が考えられます。","リモートワーク"
"在宅勤務PCの周辺機器が認識されません","USBリダイレクト設定とドックの電源供給を確認してください。","リモートワーク"
"在宅勤務PCの利用ルールを確認したいです","在宅勤務向けIT利用ガイドラインを参照してください。","リモートワーク"
"在宅勤務PCで印刷したいです","在宅環境ではローカル印刷制限がある場合があります。業務データの取り扱いに注意してください。","リモートワーク"
"在宅勤務PCで社内共有フォルダへアクセスできません","VPN接続後にエクスプローラーを再起動し、資格情報を再入力してください。","リモートワーク"
"在宅勤務PCを交換したいです","故障症状と型番を共有ください。在宅機材の交換フローを案内します。","リモートワーク"
"自宅Wi-Fiで社内業務ができません","VPN、認証、端末ポリシー適用状況を確認してください。","リモートワーク"
"自宅Wi-Fi経由で接続すると遅いです","回線品質、同時利用、VDI負荷の影響を確認します。","リモートワーク"
"自宅Wi-Fiに接続できません","接続先名、認証情報、社外接続許可の有無を確認してください。","リモートワーク"
"自宅Wi-Fiで画面が固まります","通信断や高遅延の可能性があります。可能であれば有線接続をお試しください。","リモートワーク"
"自宅Wi-Fiで音声会議が途切れます","Wi-Fi干渉や上り帯域不足が考えられます。","リモートワーク"
"自宅Wi-Fiの周辺機器が認識されません","USBリダイレクト設定とドックの電源供給を確認してください。","リモートワーク"
"自宅Wi-Fiの利用ルールを確認したいです","在宅勤務向けIT利用ガイドラインを参照してください。","リモートワーク"
"自宅Wi-Fiで印刷したいです","在宅環境ではローカル印刷制限がある場合があります。業務データの取り扱いに注意してください。","リモートワーク"
"自宅Wi-Fiで社内共有フォルダへアクセスできません","VPN接続後にエクスプローラーを再起動し、資格情報を再入力してください。","リモートワーク"
"自宅Wi-Fiを交換したいです","故障症状と型番を共有ください。在宅機材の交換フローを案内します。","リモートワーク"
"VDIで社内業務ができません","VPN、認証、端末ポリシー適用状況を確認してください。","リモートワーク"
"VDI経由で接続すると遅いです","回線品質、同時利用、VDI負荷の影響を確認します。","リモートワーク"
"VDIに接続できません","接続先名、認証情報、社外接続許可の有無を確認してください。","リモートワーク"
"VDIで画面が固まります","通信断や高遅延の可能性があります。可能であれば有線接続をお試しください。","リモートワーク"
"VDIで音声会議が途切れます","Wi-Fi干渉や上り帯域不足が考えられます。","リモートワーク"
"VDIの周辺機器が認識されません","USBリダイレクト設定とドックの電源供給を確認してください。","リモートワーク"
"VDIの利用ルールを確認したいです","在宅勤務向けIT利用ガイドラインを参照してください。","リモートワーク"
"VDIで印刷したいです","在宅環境ではローカル印刷制限がある場合があります。業務データの取り扱いに注意してください。","リモートワーク"
"VDIで社内共有フォルダへアクセスできません","VPN接続後にエクスプローラーを再起動し、資格情報を再入力してください。","リモートワーク"
"VDIを交換したいです","故障症状と型番を共有ください。在宅機材の交換フローを案内します。","リモートワーク"
"リモートデスクトップで社内業務ができません","VPN、認証、端末ポリシー適用状況を確認してください。","リモートワーク"
"リモートデスクトップ経由で接続すると遅いです","回線品質、同時利用、VDI負荷の影響を確認します。","リモートワーク"
"リモートデスクトップに接続できません","接続先名、認証情報、社外接続許可の有無を確認してください。","リモートワーク"
"リモートデスクトップで画面が固まります","通信断や高遅延の可能性があります。可能であれば有線接続をお試しください。","リモートワーク"
"リモートデスクトップで音声会議が途切れます","Wi-Fi干渉や上り帯域不足が考えられます。","リモートワーク"
"リモートデスクトップの周辺機器が認識されません","USBリダイレクト設定とドックの電源供給を確認してください。","リモートワーク"
"リモートデスクトップの利用ルールを確認したいです","在宅勤務向けIT利用ガイドラインを参照してください。","リモートワーク"
"リモートデスクトップで印刷したいです","在宅環境ではローカル印刷制限がある場合があります。業務データの取り扱いに注意してください。","リモートワーク"
"リモートデスクトップで社内共有フォルダへアクセスできません","VPN接続後にエクスプローラーを再起動し、資格情報を再入力してください。","リモートワーク"
"リモートデスクトップを交換したいです","故障症状と型番を共有ください。在宅機材の交換フローを案内します。","リモートワーク"
"USBドックで社内業務ができません","VPN、認証、端末ポリシー適用状況を確認してください。","リモートワーク"
"USBドック経由で接続すると遅いです","回線品質、同時利用、VDI負荷の影響を確認します。","リモートワーク"
"USBドックに接続できません","接続先名、認証情報、社外接続許可の有無を確認してください。","リモートワーク"
"USBドックで画面が固まります","通信断や高遅延の可能性があります。可能であれば有線接続をお試しください。","リモートワーク"
"USBドックで音声会議が途切れます","Wi-Fi干渉や上り帯域不足が考えられます。","リモートワーク"
"USBドックの周辺機器が認識されません","USBリダイレクト設定とドックの電源供給を確認してください。","リモートワーク"
"USBドックの利用ルールを確認したいです","在宅勤務向けIT利用ガイドラインを参照してください。","リモートワーク"
"USBドックで印刷したいです","在宅環境ではローカル印刷制限がある場合があります。業務データの取り扱いに注意してください。","リモートワーク"
"USBドックで社内共有フォルダへアクセスできません","VPN接続後にエクスプローラーを再起動し、資格情報を再入力してください。","リモートワーク"
"USBドックを交換したいです","故障症状と型番を共有ください。在宅機材の交換フローを案内します。","リモートワーク"
"入社初日セットアップの準備状況を確認したいです","対象者名、入社日、所属部署を共有ください。準備チェックリストを確認します。","入退社・異動"
"入社初日セットアップで必要なアカウントが不足しています","利用システム一覧を確認し、不足分を追加作成します。","入退社・異動"
"入社初日セットアップの反映が遅れています","人事マスタ更新タイミングと各システム同期状況を確認します。","入退社・異動"
"入社初日セットアップでメール転送を設定したいです","退職・異動ポリシーに従い、必要期間のみ設定可否を確認します。","入退社・異動"
"入社初日セットアップのデータ保存先を相談したいです","上長指示のもと共有フォルダや後任向け保管場所へ移行してください。","入退社・異動"
"入社初日セットアップの返却物一覧を知りたいです","PC、スマホ、ICカード、周辺機器など貸与品一覧を案内します。","入退社・異動"
"入社初日セットアップで旧部署の権限を削除したいです","異動日と削除対象権限を確認し、棚卸後に削除します。","入退社・異動"
"入社初日セットアップで新部署の共有フォルダに追加したいです","上長承認後に所属部署向け標準権限を付与します。","入退社・異動"
"入社初日セットアップのチェックリストを再送してほしいです","入退社・異動用の標準チェックリストを送付します。","入退社・異動"
"入社初日セットアップの対応期限を確認したいです","人事イベントごとに締切が異なります。対象イベントと希望日を共有ください。","入退社・異動"
"人事連携の準備状況を確認したいです","対象者名、入社日、所属部署を共有ください。準備チェックリストを確認します。","入退社・異動"
"人事連携で必要なアカウントが不足しています","利用システム一覧を確認し、不足分を追加作成します。","入退社・異動"
"人事連携の反映が遅れています","人事マスタ更新タイミングと各システム同期状況を確認します。","入退社・異動"
"人事連携でメール転送を設定したいです","退職・異動ポリシーに従い、必要期間のみ設定可否を確認します。","入退社・異動"
"人事連携のデータ保存先を相談したいです","上長指示のもと共有フォルダや後任向け保管場所へ移行してください。","入退社・異動"
"人事連携の返却物一覧を知りたいです","PC、スマホ、ICカード、周辺機器など貸与品一覧を案内します。","入退社・異動"
"人事連携で旧部署の権限を削除したいです","異動日と削除対象権限を確認し、棚卸後に削除します。","入退社・異動"
"人事連携で新部署の共有フォルダに追加したいです","上長承認後に所属部署向け標準権限を付与します。","入退社・異動"
"人事連携のチェックリストを再送してほしいです","入退社・異動用の標準チェックリストを送付します。","入退社・異動"
"人事連携の対応期限を確認したいです","人事イベントごとに締切が異なります。対象イベントと希望日を共有ください。","入退社・異動"
"退職者データ退避の準備状況を確認したいです","対象者名、入社日、所属部署を共有ください。準備チェックリストを確認します。","入退社・異動"
"退職者データ退避で必要なアカウントが不足しています","利用システム一覧を確認し、不足分を追加作成します。","入退社・異動"
"退職者データ退避の反映が遅れています","人事マスタ更新タイミングと各システム同期状況を確認します。","入退社・異動"
"退職者データ退避でメール転送を設定したいです","退職・異動ポリシーに従い、必要期間のみ設定可否を確認します。","入退社・異動"
"退職者データ退避のデータ保存先を相談したいです","上長指示のもと共有フォルダや後任向け保管場所へ移行してください。","入退社・異動"
"退職者データ退避の返却物一覧を知りたいです","PC、スマホ、ICカード、周辺機器など貸与品一覧を案内します。","入退社・異動"
"退職者データ退避で旧部署の権限を削除したいです","異動日と削除対象権限を確認し、棚卸後に削除します。","入退社・異動"
"退職者データ退避で新部署の共有フォルダに追加したいです","上長承認後に所属部署向け標準権限を付与します。","入退社・異動"
"退職者データ退避のチェックリストを再送してほしいです","入退社・異動用の標準チェックリストを送付します。","入退社・異動"
"退職者データ退避の対応期限を確認したいです","人事イベントごとに締切が異なります。対象イベントと希望日を共有ください。","入退社・異動"
"貸与品返却の準備状況を確認したいです","対象者名、入社日、所属部署を共有ください。準備チェックリストを確認します。","入退社・異動"
"貸与品返却で必要なアカウントが不足しています","利用システム一覧を確認し、不足分を追加作成します。","入退社・異動"
"貸与品返却の反映が遅れています","人事マスタ更新タイミングと各システム同期状況を確認します。","入退社・異動"
"貸与品返却でメール転送を設定したいです","退職・異動ポリシーに従い、必要期間のみ設定可否を確認します。","入退社・異動"
"貸与品返却のデータ保存先を相談したいです","上長指示のもと共有フォルダや後任向け保管場所へ移行してください。","入退社・異動"
"貸与品返却の返却物一覧を知りたいです","PC、スマホ、ICカード、周辺機器など貸与品一覧を案内します。","入退社・異動"
"貸与品返却で旧部署の権限を削除したいです","異動日と削除対象権限を確認し、棚卸後に削除します。","入退社・異動"
"貸与品返却で新部署の共有フォルダに追加したいです","上長承認後に所属部署向け標準権限を付与します。","入退社・異動"
"貸与品返却のチェックリストを再送してほしいです","入退社・異動用の標準チェックリストを送付します。","入退社・異動"
"貸与品返却の対応期限を確認したいです","人事イベントごとに締切が異なります。対象イベントと希望日を共有ください。","入退社・異動"
"異動時権限変更の準備状況を確認したいです","対象者名、入社日、所属部署を共有ください。準備チェックリストを確認します。","入退社・異動"
"異動時権限変更で必要なアカウントが不足しています","利用システム一覧を確認し、不足分を追加作成します。","入退社・異動"
"異動時権限変更の反映が遅れています","人事マスタ更新タイミングと各システム同期状況を確認します。","入退社・異動"
"異動時権限変更でメール転送を設定したいです","退職・異動ポリシーに従い、必要期間のみ設定可否を確認します。","入退社・異動"
"異動時権限変更のデータ保存先を相談したいです","上長指示のもと共有フォルダや後任向け保管場所へ移行してください。","入退社・異動"
"異動時権限変更の返却物一覧を知りたいです","PC、スマホ、ICカード、周辺機器など貸与品一覧を案内します。","入退社・異動"
"異動時権限変更で旧部署の権限を削除したいです","異動日と削除対象権限を確認し、棚卸後に削除します。","入退社・異動"
"異動時権限変更で新部署の共有フォルダに追加したいです","上長承認後に所属部署向け標準権限を付与します。","入退社・異動"
"異動時権限変更のチェックリストを再送してほしいです","入退社・異動用の標準チェックリストを送付します。","入退社・異動"
"異動時権限変更の対応期限を確認したいです","人事イベントごとに締切が異なります。対象イベントと希望日を共有ください。","入退社・異動"
"会議室予約システムを予約できません","利用権限、重複予約、設備メンテナンス状況を確認してください。","会議室・AV"
"会議室予約システムで会議を開始できません","端末サインイン状態、ネットワーク、会議主催者情報を確認してください。","会議室・AV"
"会議室予約システムに映像が映りません","入力切替、ケーブル接続、無線投影設定を確認してください。","会議室・AV"
"会議室予約システムから音が出ません","ミュート設定、既定出力先、HDMI音声設定を確認してください。","会議室・AV"
"会議室予約システムでハウリングが発生します","スピーカー音量とマイク配置、二重入室端末の有無を確認してください。","会議室・AV"
"会議室予約システムのタッチ操作が効きません","USB接続またはタッチドライバーの状態を確認してください。","会議室・AV"
"会議室予約システムの予約をキャンセルしたいです","予約者本人または代理権限保有者がシステムから取消してください。","会議室・AV"
"会議室予約システムの利用マニュアルを確認したいです","会議室設備一覧ページに操作マニュアルがあります。","会議室・AV"
"会議室予約システムでワイヤレス投影ができません","同一ネットワーク接続と投影用アプリの起動を確認してください。","会議室・AV"
"会議室予約システムを交換・修理したいです","会議室名、設備名、故障症状を共有ください。保守業者へ手配します。","会議室・AV"
"会議室Teams端末を予約できません","利用権限、重複予約、設備メンテナンス状況を確認してください。","会議室・AV"
"会議室Teams端末で会議を開始できません","端末サインイン状態、ネットワーク、会議主催者情報を確認してください。","会議室・AV"
"会議室Teams端末に映像が映りません","入力切替、ケーブル接続、無線投影設定を確認してください。","会議室・AV"
"会議室Teams端末から音が出ません","ミュート設定、既定出力先、HDMI音声設定を確認してください。","会議室・AV"
"会議室Teams端末でハウリングが発生します","スピーカー音量とマイク配置、二重入室端末の有無を確認してください。","会議室・AV"
"会議室Teams端末のタッチ操作が効きません","USB接続またはタッチドライバーの状態を確認してください。","会議室・AV"
"会議室Teams端末の予約をキャンセルしたいです","予約者本人または代理権限保有者がシステムから取消してください。","会議室・AV"
"会議室Teams端末の利用マニュアルを確認したいです","会議室設備一覧ページに操作マニュアルがあります。","会議室・AV"
"会議室Teams端末でワイヤレス投影ができません","同一ネットワーク接続と投影用アプリの起動を確認してください。","会議室・AV"
"会議室Teams端末を交換・修理したいです","会議室名、設備名、故障症状を共有ください。保守業者へ手配します。","会議室・AV"
"プロジェクターを予約できません","利用権限、重複予約、設備メンテナンス状況を確認してください。","会議室・AV"
"プロジェクターで会議を開始できません","端末サインイン状態、ネットワーク、会議主催者情報を確認してください。","会議室・AV"
"プロジェクターに映像が映りません","入力切替、ケーブル接続、無線投影設定を確認してください。","会議室・AV"
"プロジェクターから音が出ません","ミュート設定、既定出力先、HDMI音声設定を確認してください。","会議室・AV"
"プロジェクターでハウリングが発生します","スピーカー音量とマイク配置、二重入室端末の有無を確認してください。","会議室・AV"
"プロジェクターのタッチ操作が効きません","USB接続またはタッチドライバーの状態を確認してください。","会議室・AV"
"プロジェクターの予約をキャンセルしたいです","予約者本人または代理権限保有者がシステムから取消してください。","会議室・AV"
"プロジェクターの利用マニュアルを確認したいです","会議室設備一覧ページに操作マニュアルがあります。","会議室・AV"
"プロジェクターでワイヤレス投影ができません","同一ネットワーク接続と投影用アプリの起動を確認してください。","会議室・AV"
"プロジェクターを交換・修理したいです","会議室名、設備名、故障症状を共有ください。保守業者へ手配します。","会議室・AV"
"大型ディスプレイを予約できません","利用権限、重複予約、設備メンテナンス状況を確認してください。","会議室・AV"
"大型ディスプレイで会議を開始できません","端末サインイン状態、ネットワーク、会議主催者情報を確認してください。","会議室・AV"
"大型ディスプレイに映像が映りません","入力切替、ケーブル接続、無線投影設定を確認してください。","会議室・AV"
"大型ディスプレイから音が出ません","ミュート設定、既定出力先、HDMI音声設定を確認してください。","会議室・AV"
"大型ディスプレイでハウリングが発生します","スピーカー音量とマイク配置、二重入室端末の有無を確認してください。","会議室・AV"
"大型ディスプレイのタッチ操作が効きません","USB接続またはタッチドライバーの状態を確認してください。","会議室・AV"
"大型ディスプレイの予約をキャンセルしたいです","予約者本人または代理権限保有者がシステムから取消してください。","会議室・AV"
"大型ディスプレイの利用マニュアルを確認したいです","会議室設備一覧ページに操作マニュアルがあります。","会議室・AV"
"大型ディスプレイでワイヤレス投影ができません","同一ネットワーク接続と投影用アプリの起動を確認してください。","会議室・AV"
"大型ディスプレイを交換・修理したいです","会議室名、設備名、故障症状を共有ください。保守業者へ手配します。","会議室・AV"
"会議室マイクを予約できません","利用権限、重複予約、設備メンテナンス状況を確認してください。","会議室・AV"
"会議室マイクで会議を開始できません","端末サインイン状態、ネットワーク、会議主催者情報を確認してください。","会議室・AV"
"会議室マイクに映像が映りません","入力切替、ケーブル接続、無線投影設定を確認してください。","会議室・AV"
"会議室マイクから音が出ません","ミュート設定、既定出力先、HDMI音声設定を確認してください。","会議室・AV"
"会議室マイクでハウリングが発生します","スピーカー音量とマイク配置、二重入室端末の有無を確認してください。","会議室・AV"
"会議室マイクのタッチ操作が効きません","USB接続またはタッチドライバーの状態を確認してください。","会議室・AV"
"会議室マイクの予約をキャンセルしたいです","予約者本人または代理権限保有者がシステムから取消してください。","会議室・AV"
"会議室マイクの利用マニュアルを確認したいです","会議室設備一覧ページに操作マニュアルがあります。","会議室・AV"
"会議室マイクでワイヤレス投影ができません","同一ネットワーク接続と投影用アプリの起動を確認してください。","会議室・AV"
"会議室マイクを交換・修理したいです","会議室名、設備名、故障症状を共有ください。保守業者へ手配します。","会議室・AV"
"バックアップの取得状況を確認したいです","対象サーバーまたは端末名を共有ください。直近実行結果を確認します。","データ保護"
"バックアップから特定ファイルを復元したいです","ファイル名、保存場所、復元したい日時をお知らせください。","データ保護"
"バックアップの保存期間を知りたいです","データ種別ごとに保持期間が異なります。対象システムを指定してください。","データ保護"
"バックアップを取得して調査したいです","対象期間、対象ユーザー、調査目的を明記してください。","データ保護"
"バックアップで復元できる世代数を確認したいです","バックアップポリシーに基づく世代数と保持日数を確認します。","データ保護"
"バックアップの取得対象から除外したいです","容量や機密区分を踏まえ、除外申請の可否を判断します。","データ保護"
"バックアップの容量が逼迫しています","保持期間見直しや不要アーカイブ整理を検討してください。","データ保護"
"バックアップを監査対応で提出したいです","提出先と必要形式を共有ください。マスキングの要否も確認します。","データ保護"
"バックアップの実行エラーが出ています","ジョブIDと発生日時を共有ください。ログを確認して再実行します。","データ保護"
"バックアップの申請手順を知りたいです","ログ取得・復元・監査証跡の各申請フォームから申請してください。","データ保護"
"ファイル復元の取得状況を確認したいです","対象サーバーまたは端末名を共有ください。直近実行結果を確認します。","データ保護"
"ファイル復元から特定ファイルを復元したいです","ファイル名、保存場所、復元したい日時をお知らせください。","データ保護"
"ファイル復元の保存期間を知りたいです","データ種別ごとに保持期間が異なります。対象システムを指定してください。","データ保護"
"ファイル復元を取得して調査したいです","対象期間、対象ユーザー、調査目的を明記してください。","データ保護"
"ファイル復元で復元できる世代数を確認したいです","バックアップポリシーに基づく世代数と保持日数を確認します。","データ保護"
"ファイル復元の取得対象から除外したいです","容量や機密区分を踏まえ、除外申請の可否を判断します。","データ保護"
"ファイル復元の容量が逼迫しています","保持期間見直しや不要アーカイブ整理を検討してください。","データ保護"
"ファイル復元を監査対応で提出したいです","提出先と必要形式を共有ください。マスキングの要否も確認します。","データ保護"
"ファイル復元の実行エラーが出ています","ジョブIDと発生日時を共有ください。ログを確認して再実行します。","データ保護"
"ファイル復元の申請手順を知りたいです","ログ取得・復元・監査証跡の各申請フォームから申請してください。","データ保護"
"アーカイブの取得状況を確認したいです","対象サーバーまたは端末名を共有ください。直近実行結果を確認します。","データ保護"
"アーカイブから特定ファイルを復元したいです","ファイル名、保存場所、復元したい日時をお知らせください。","データ保護"
"アーカイブの保存期間を知りたいです","データ種別ごとに保持期間が異なります。対象システムを指定してください。","データ保護"
"アーカイブを取得して調査したいです","対象期間、対象ユーザー、調査目的を明記してください。","データ保護"
"アーカイブで復元できる世代数を確認したいです","バックアップポリシーに基づく世代数と保持日数を確認します。","データ保護"
"アーカイブの取得対象から除外したいです","容量や機密区分を踏まえ、除外申請の可否を判断します。","データ保護"
"アーカイブの容量が逼迫しています","保持期間見直しや不要アーカイブ整理を検討してください。","データ保護"
"アーカイブを監査対応で提出したいです","提出先と必要形式を共有ください。マスキングの要否も確認します。","データ保護"
"アーカイブの実行エラーが出ています","ジョブIDと発生日時を共有ください。ログを確認して再実行します。","データ保護"
"アーカイブの申請手順を知りたいです","ログ取得・復元・監査証跡の各申請フォームから申請してください。","データ保護"
"ログ取得の取得状況を確認したいです","対象サーバーまたは端末名を共有ください。直近実行結果を確認します。","データ保護"
"ログ取得から特定ファイルを復元したいです","ファイル名、保存場所、復元したい日時をお知らせください。","データ保護"
"ログ取得の保存期間を知りたいです","データ種別ごとに保持期間が異なります。対象システムを指定してください。","データ保護"
"ログ取得を取得して調査したいです","対象期間、対象ユーザー、調査目的を明記してください。","データ保護"
"ログ取得で復元できる世代数を確認したいです","バックアップポリシーに基づく世代数と保持日数を確認します。","データ保護"
"ログ取得の取得対象から除外したいです","容量や機密区分を踏まえ、除外申請の可否を判断します。","データ保護"
"ログ取得の容量が逼迫しています","保持期間見直しや不要アーカイブ整理を検討してください。","データ保護"
"ログ取得を監査対応で提出したいです","提出先と必要形式を共有ください。マスキングの要否も確認します。","データ保護"
"ログ取得の実行エラーが出ています","ジョブIDと発生日時を共有ください。ログを確認して再実行します。","データ保護"
"ログ取得の申請手順を知りたいです","ログ取得・復元・監査証跡の各申請フォームから申請してください。","データ保護"
"監査証跡の取得状況を確認したいです","対象サーバーまたは端末名を共有ください。直近実行結果を確認します。","データ保護"
"監査証跡から特定ファイルを復元したいです","ファイル名、保存場所、復元したい日時をお知らせください。","データ保護"
"監査証跡の保存期間を知りたいです","データ種別ごとに保持期間が異なります。対象システムを指定してください。","データ保護"
"監査証跡を取得して調査したいです","対象期間、対象ユーザー、調査目的を明記してください。","データ保護"
"監査証跡で復元できる世代数を確認したいです","バックアップポリシーに基づく世代数と保持日数を確認します。","データ保護"
"監査証跡の取得対象から除外したいです","容量や機密区分を踏まえ、除外申請の可否を判断します。","データ保護"
"監査証跡の容量が逼迫しています","保持期間見直しや不要アーカイブ整理を検討してください。","データ保護"
"監査証跡を監査対応で提出したいです","提出先と必要形式を共有ください。マスキングの要否も確認します。","データ保護"
"監査証跡の実行エラーが出ています","ジョブIDと発生日時を共有ください。ログを確認して再実行します。","データ保護"
"監査証跡の申請手順を知りたいです","ログ取得・復元・監査証跡の各申請フォームから申請してください。","データ保護"
"GitHub Enterpriseにログインできません","SSO連携またはライセンス付与を確認します。","開発環境"
"GitHub Enterpriseの権限を追加したいです","対象プロジェクト、必要ロール、利用目的を申請してください。","開発環境"
"GitHub Enterpriseでリポジトリへアクセスできません","組織所属、SSHキー、トークン権限を確認してください。","開発環境"
"GitHub Enterpriseで拡張機能を入れたいです","セキュリティ審査が必要な場合があります。拡張機能名を共有してください。","開発環境"
"GitHub Enterpriseのライセンスが不足しています","利用人数と契約数を確認し、追加購入可否を検討します。","開発環境"
"GitHub Enterpriseでプロキシ設定が必要です","社内標準のプロキシ設定値を案内します。","開発環境"
"GitHub Enterpriseのアップデートが失敗します","管理者権限、ディスク容量、セキュリティソフトの干渉を確認してください。","開発環境"
"GitHub Enterpriseで通知メールが届きません","通知設定、迷惑メール判定、送信ドメイン制限を確認します。","開発環境"
"GitHub Enterpriseのプロジェクト作成申請をしたいです","利用部門、用途、管理者候補を明記して申請してください。","開発環境"
"GitHub Enterpriseの監査ログを確認したいです","対象ユーザー、期間、操作種別を指定して依頼してください。","開発環境"
"GitLabにログインできません","SSO連携またはライセンス付与を確認します。","開発環境"
"GitLabの権限を追加したいです","対象プロジェクト、必要ロール、利用目的を申請してください。","開発環境"
"GitLabでリポジトリへアクセスできません","組織所属、SSHキー、トークン権限を確認してください。","開発環境"
"GitLabで拡張機能を入れたいです","セキュリティ審査が必要な場合があります。拡張機能名を共有してください。","開発環境"
"GitLabのライセンスが不足しています","利用人数と契約数を確認し、追加購入可否を検討します。","開発環境"
"GitLabでプロキシ設定が必要です","社内標準のプロキシ設定値を案内します。","開発環境"
"GitLabのアップデートが失敗します","管理者権限、ディスク容量、セキュリティソフトの干渉を確認してください。","開発環境"
"GitLabで通知メールが届きません","通知設定、迷惑メール判定、送信ドメイン制限を確認します。","開発環境"
"GitLabのプロジェクト作成申請をしたいです","利用部門、用途、管理者候補を明記して申請してください。","開発環境"
"GitLabの監査ログを確認したいです","対象ユーザー、期間、操作種別を指定して依頼してください。","開発環境"
"Docker Desktopにログインできません","SSO連携またはライセンス付与を確認します。","開発環境"
"Docker Desktopの権限を追加したいです","対象プロジェクト、必要ロール、利用目的を申請してください。","開発環境"
"Docker Desktopでリポジトリへアクセスできません","組織所属、SSHキー、トークン権限を確認してください。","開発環境"
"Docker Desktopで拡張機能を入れたいです","セキュリティ審査が必要な場合があります。拡張機能名を共有してください。","開発環境"
"Docker Desktopのライセンスが不足しています","利用人数と契約数を確認し、追加購入可否を検討します。","開発環境"
"Docker Desktopでプロキシ設定が必要です","社内標準のプロキシ設定値を案内します。","開発環境"
"Docker Desktopのアップデートが失敗します","管理者権限、ディスク容量、セキュリティソフトの干渉を確認してください。","開発環境"
"Docker Desktopで通知メールが届きません","通知設定、迷惑メール判定、送信ドメイン制限を確認します。","開発環境"
"Docker Desktopのプロジェクト作成申請をしたいです","利用部門、用途、管理者候補を明記して申請してください。","開発環境"
"Docker Desktopの監査ログを確認したいです","対象ユーザー、期間、操作種別を指定して依頼してください。","開発環境"
"VS Codeにログインできません","SSO連携またはライセンス付与を確認します。","開発環境"
"VS Codeの権限を追加したいです","対象プロジェクト、必要ロール、利用目的を申請してください。","開発環境"
"VS Codeでリポジトリへアクセスできません","組織所属、SSHキー、トークン権限を確認してください。","開発環境"
"VS Codeで拡張機能を入れたいです","セキュリティ審査が必要な場合があります。拡張機能名を共有してください。","開発環境"
"VS Codeのライセンスが不足しています","利用人数と契約数を確認し、追加購入可否を検討します。","開発環境"
"VS Codeでプロキシ設定が必要です","社内標準のプロキシ設定値を案内します。","開発環境"
"VS Codeのアップデートが失敗します","管理者権限、ディスク容量、セキュリティソフトの干渉を確認してください。","開発環境"
"VS Codeで通知メールが届きません","通知設定、迷惑メール判定、送信ドメイン制限を確認します。","開発環境"
"VS Codeのプロジェクト作成申請をしたいです","利用部門、用途、管理者候補を明記して申請してください。","開発環境"
"VS Codeの監査ログを確認したいです","対象ユーザー、期間、操作種別を指定して依頼してください。","開発環境"
"Jiraにログインできません","SSO連携またはライセンス付与を確認します。","開発環境"
"Jiraの権限を追加したいです","対象プロジェクト、必要ロール、利用目的を申請してください。","開発環境"
"Jiraでリポジトリへアクセスできません","組織所属、SSHキー、トークン権限を確認してください。","開発環境"
"Jiraで拡張機能を入れたいです","セキュリティ審査が必要な場合があります。拡張機能名を共有してください。","開発環境"
"Jiraのライセンスが不足しています","利用人数と契約数を確認し、追加購入可否を検討します。","開発環境"
"Jiraでプロキシ設定が必要です","社内標準のプロキシ設定値を案内します。","開発環境"
"Jiraのアップデートが失敗します","管理者権限、ディスク容量、セキュリティソフトの干渉を確認してください。","開発環境"
"Jiraで通知メールが届きません","通知設定、迷惑メール判定、送信ドメイン制限を確認します。","開発環境"
"Jiraのプロジェクト作成申請をしたいです","利用部門、用途、管理者候補を明記して申請してください。","開発環境"
"Jiraの監査ログを確認したいです","対象ユーザー、期間、操作種別を指定して依頼してください。","開発環境"
"ヘルプデスクチケットを起票したいです","チケットシステムからカテゴリ・影響範囲・発生時刻を入力して起票してください。","ヘルプデスク運用"
"ヘルプデスクチケットの進捗を確認したいです","チケット番号または申請番号を共有ください。","ヘルプデスク運用"
"ヘルプデスクチケットをクローズせず再開したいです","既存番号を共有いただければ再オープン可否を確認します。","ヘルプデスク運用"
"ヘルプデスクチケットで担当者を変更したいです","業務都合や技術領域に応じてアサイン変更します。","ヘルプデスク運用"
"ヘルプデスクチケットに対象機器が登録されていません","シリアル番号または資産番号を共有ください。","ヘルプデスク運用"
"ヘルプデスクチケットの結果報告方法を知りたいです","棚卸フォームまたはチケットで結果を報告してください。","ヘルプデスク運用"
"ヘルプデスクチケットの期限を延長したいです","理由と希望期限を共有ください。承認フローに従って延長可否を判断します。","ヘルプデスク運用"
"ヘルプデスクチケットのFAQが見つかりません","検索キーワードを見直すか、カテゴリ一覧から参照してください。","ヘルプデスク運用"
"ヘルプデスクチケットの内容を更新してほしいです","対象FAQ番号と修正案を共有ください。レビュー後に更新します。","ヘルプデスク運用"
"ヘルプデスクチケットの契約期限を確認したいです","対象機器またはサービス名を共有いただければ保守契約台帳を確認します。","ヘルプデスク運用"
"FAQポータルを起票したいです","チケットシステムからカテゴリ・影響範囲・発生時刻を入力して起票してください。","ヘルプデスク運用"
"FAQポータルの進捗を確認したいです","チケット番号または申請番号を共有ください。","ヘルプデスク運用"
"FAQポータルをクローズせず再開したいです","既存番号を共有いただければ再オープン可否を確認します。","ヘルプデスク運用"
"FAQポータルで担当者を変更したいです","業務都合や技術領域に応じてアサイン変更します。","ヘルプデスク運用"
"FAQポータルに対象機器が登録されていません","シリアル番号または資産番号を共有ください。","ヘルプデスク運用"
"FAQポータルの結果報告方法を知りたいです","棚卸フォームまたはチケットで結果を報告してください。","ヘルプデスク運用"
"FAQポータルの期限を延長したいです","理由と希望期限を共有ください。承認フローに従って延長可否を判断します。","ヘルプデスク運用"
"FAQポータルのFAQが見つかりません","検索キーワードを見直すか、カテゴリ一覧から参照してください。","ヘルプデスク運用"
"FAQポータルの内容を更新してほしいです","対象FAQ番号と修正案を共有ください。レビュー後に更新します。","ヘルプデスク運用"
"FAQポータルの契約期限を確認したいです","対象機器またはサービス名を共有いただければ保守契約台帳を確認します。","ヘルプデスク運用"
"資産管理台帳を起票したいです","チケットシステムからカテゴリ・影響範囲・発生時刻を入力して起票してください。","ヘルプデスク運用"
"資産管理台帳の進捗を確認したいです","チケット番号または申請番号を共有ください。","ヘルプデスク運用"
"資産管理台帳をクローズせず再開したいです","既存番号を共有いただければ再オープン可否を確認します。","ヘルプデスク運用"
"資産管理台帳で担当者を変更したいです","業務都合や技術領域に応じてアサイン変更します。","ヘルプデスク運用"
"資産管理台帳に対象機器が登録されていません","シリアル番号または資産番号を共有ください。","ヘルプデスク運用"
"資産管理台帳の結果報告方法を知りたいです","棚卸フォームまたはチケットで結果を報告してください。","ヘルプデスク運用"
"資産管理台帳の期限を延長したいです","理由と希望期限を共有ください。承認フローに従って延長可否を判断します。","ヘルプデスク運用"
"資産管理台帳のFAQが見つかりません","検索キーワードを見直すか、カテゴリ一覧から参照してください。","ヘルプデスク運用"
"資産管理台帳の内容を更新してほしいです","対象FAQ番号と修正案を共有ください。レビュー後に更新します。","ヘルプデスク運用"
"資産管理台帳の契約期限を確認したいです","対象機器またはサービス名を共有いただければ保守契約台帳を確認します。","ヘルプデスク運用"
"棚卸を起票したいです","チケットシステムからカテゴリ・影響範囲・発生時刻を入力して起票してください。","ヘルプデスク運用"
"棚卸の進捗を確認したいです","チケット番号または申請番号を共有ください。","ヘルプデスク運用"
"棚卸をクローズせず再開したいです","既存番号を共有いただければ再オープン可否を確認します。","ヘルプデスク運用"
"棚卸で担当者を変更したいです","業務都合や技術領域に応じてアサイン変更します。","ヘルプデスク運用"
"棚卸に対象機器が登録されていません","シリアル番号または資産番号を共有ください。","ヘルプデスク運用"
"棚卸の結果報告方法を知りたいです","棚卸フォームまたはチケットで結果を報告してください。","ヘルプデスク運用"
"棚卸の期限を延長したいです","理由と希望期限を共有ください。承認フローに従って延長可否を判断します。","ヘルプデスク運用"
"棚卸のFAQが見つかりません","検索キーワードを見直すか、カテゴリ一覧から参照してください。","ヘルプデスク運用"
"棚卸の内容を更新してほしいです","対象FAQ番号と修正案を共有ください。レビュー後に更新します。","ヘルプデスク運用"
"棚卸の契約期限を確認したいです","対象機器またはサービス名を共有いただければ保守契約台帳を確認します。","ヘルプデスク運用"
"保守契約を起票したいです","チケットシステムからカテゴリ・影響範囲・発生時刻を入力して起票してください。","ヘルプデスク運用"
"保守契約の進捗を確認したいです","チケット番号または申請番号を共有ください。","ヘルプデスク運用"
"保守契約をクローズせず再開したいです","既存番号を共有いただければ再オープン可否を確認します。","ヘルプデスク運用"
"保守契約で担当者を変更したいです","業務都合や技術領域に応じてアサイン変更します。","ヘルプデスク運用"
"保守契約に対象機器が登録されていません","シリアル番号または資産番号を共有ください。","ヘルプデスク運用"
"保守契約の結果報告方法を知りたいです","棚卸フォームまたはチケットで結果を報告してください。","ヘルプデスク運用"
"保守契約の期限を延長したいです","理由と希望期限を共有ください。承認フローに従って延長可否を判断します。","ヘルプデスク運用"
"保守契約のFAQが見つかりません","検索キーワードを見直すか、カテゴリ一覧から参照してください。","ヘルプデスク運用"
"保守契約の内容を更新してほしいです","対象FAQ番号と修正案を共有ください。レビュー後に更新します。","ヘルプデスク運用"
"保守契約の契約期限を確認したいです","対象機器またはサービス名を共有いただければ保守契約台帳を確認します。","ヘルプデスク運用"
